date,product_id,product_name,category,price,cost,impressions,visitors,product_clicks,add_to_cart,orders,units_sold,sales_amount,ad_spend,refund_units,inventory,rating
2026-04-01,P001,?????,???,699.00,360.00,6015,664,504,48,22,23,16077.00,367.08,1,957,4.7
2026-04-02,P001,?????,???,699.00,360.00,6357,692,588,63,29,29,20271.00,382.12,0,928,4.7
2026-04-03,P001,?????,???,699.00,360.00,6614,700,510,50,22,22,15378.00,396.55,0,906,4.8
2026-04-04,P001,?????,???,699.00,360.00,6740,747,610,68,32,32,22368.00,392.09,0,874,4.7
2026-04-05,P001,?????,???,699.00,360.00,6867,726,556,58,26,26,18174.00,376.58,0,848,4.7
2026-04-06,P001,?????,???,699.00,360.00,7004,695,507,56,25,26,18174.00,373.98,0,822,4.8
2026-04-07,P001,?????,???,699.00,360.00,6378,643,536,60,26,26,18174.00,366.81,0,796,4.8
2026-04-08,P001,?????,???,699.00,360.00,6375,653,507,52,24,24,16776.00,376.23,0,772,4.8
2026-04-09,P001,?????,???,699.00,360.00,6167,631,494,47,21,21,14679.00,386.27,0,751,4.7
2026-04-10,P001,?????,???,699.00,360.00,5736,580,453,47,23,23,16077.00,357.78,0,728,4.8
2026-04-11,P001,?????,???,699.00,360.00,5891,649,489,55,26,27,18873.00,359.44,0,701,4.7
2026-04-12,P001,?????,???,699.00,360.00,5740,601,465,46,20,20,13980.00,349.88,0,681,4.7
2026-04-13,P001,?????,???,699.00,360.00,5930,591,472,53,23,23,16077.00,357.39,0,658,4.7
2026-04-14,P001,?????,???,699.00,360.00,6158,654,548,54,25,25,17475.00,363.07,0,633,4.7
2026-04-15,P001,?????,???,699.00,360.00,6384,673,510,51,23,23,16077.00,392.09,0,610,4.7
2026-04-16,P001,?????,???,699.00,360.00,6873,750,544,60,28,29,20271.00,397.28,0,581,4.7
2026-04-17,P001,?????,???,699.00,360.00,7208,788,616,68,33,33,23067.00,397.34,0,548,4.7
2026-04-18,P001,?????,???,699.00,360.00,7225,801,578,66,31,31,21669.00,377.35,1,517,4.7
2026-04-19,P001,?????,???,699.00,360.00,7122,767,572,54,26,26,18174.00,401.79,0,491,4.7
2026-04-20,P001,?????,???,699.00,360.00,7137,719,598,64,32,32,22368.00,379.82,0,459,4.7
2026-04-21,P001,?????,???,699.00,360.00,6726,668,514,55,24,25,17475.00,378.95,0,434,4.8
2026-04-22,P001,?????,???,699.00,360.00,6418,648,477,52,22,22,15378.00,379.19,0,412,4.7
2026-04-23,P001,?????,???,699.00,360.00,6322,626,520,58,27,27,18873.00,363.85,0,385,4.7
2026-04-24,P001,?????,???,699.00,360.00,6215,645,539,51,24,24,16776.00,382.13,0,361,4.7
2026-04-25,P001,?????,???,699.00,360.00,5947,621,465,47,21,21,14679.00,364.46,0,340,4.8
2026-04-26,P001,?????,???,699.00,360.00,6023,601,516,51,22,23,16077.00,353.50,0,317,4.8
2026-04-27,P001,?????,???,699.00,360.00,5994,639,541,58,26,26,18174.00,369.66,0,291,4.7
2026-04-28,P001,?????,???,699.00,360.00,6283,678,569,59,27,27,18873.00,361.10,0,264,4.7
2026-04-29,P001,?????,???,699.00,360.00,6685,721,563,53,24,24,16776.00,378.09,0,240,4.8
2026-04-30,P001,?????,???,699.00,360.00,6997,773,649,68,29,29,20271.00,383.27,0,471,4.7
2026-05-01,P001,?????,???,699.00,360.00,7402,767,617,59,27,28,19572.00,400.81,0,443,4.8
2026-05-02,P001,?????,???,699.00,360.00,7342,748,627,66,30,30,20970.00,393.78,0,413,4.7
2026-05-03,P001,?????,???,699.00,360.00,7383,754,635,72,34,34,23766.00,408.62,0,379,4.7
2026-05-04,P001,?????,???,699.00,360.00,7498,823,641,65,32,32,22368.00,381.73,0,347,4.7
2026-05-05,P001,?????,???,699.00,360.00,7146,723,597,66,31,31,21669.00,397.82,1,316,4.7
2026-05-06,P001,?????,???,699.00,360.00,6949,719,535,57,27,28,19572.00,368.38,0,288,4.8
2026-05-07,P001,?????,???,699.00,360.00,6762,748,601,60,27,27,18873.00,371.62,0,261,4.7
2026-05-08,P001,?????,???,699.00,360.00,6544,716,521,52,23,23,16077.00,370.36,0,238,4.8
2026-05-09,P001,?????,???,699.00,360.00,6156,680,498,55,26,26,18174.00,353.07,0,212,4.7
2026-05-10,P001,?????,???,699.00,360.00,6307,696,572,59,28,28,19572.00,369.70,0,184,4.7
2026-05-11,P001,?????,???,699.00,360.00,6333,628,505,57,25,26,18174.00,357.80,0,158,4.7
2026-05-12,P001,?????,???,699.00,360.00,6685,694,580,55,26,26,18174.00,397.62,0,132,4.7
2026-05-13,P001,?????,???,699.00,360.00,7153,743,558,62,30,30,20970.00,396.20,0,102,4.8
2026-05-14,P001,?????,???,699.00,360.00,7389,785,577,59,26,26,18174.00,392.37,0,76,4.7
2026-05-15,P001,?????,???,699.00,360.00,7607,753,570,64,28,28,19572.00,388.70,0,48,4.8
2026-05-16,P001,?????,???,699.00,360.00,7853,812,684,70,30,31,21669.00,397.71,0,17,4.7
2026-05-17,P001,?????,???,699.00,360.00,7803,828,597,58,26,26,18174.00,405.45,0,0,4.8
2026-05-18,P001,?????,???,699.00,360.00,7361,758,560,55,26,26,18174.00,383.09,0,0,4.7
2026-05-19,P001,?????,???,699.00,360.00,7171,773,592,61,28,28,19572.00,389.04,0,0,4.7
2026-05-20,P001,?????,???,699.00,360.00,7093,737,604,63,31,31,21669.00,403.56,0,0,4.7
2026-05-21,P001,?????,???,699.00,360.00,6846,689,584,63,28,29,20271.00,382.04,0,0,4.7
2026-05-22,P001,?????,???,699.00,360.00,6638,673,559,58,28,28,19572.00,366.40,1,0,4.7
2026-05-23,P001,?????,???,699.00,360.00,6615,685,504,50,23,23,16077.00,366.91,0,0,4.7
2026-05-24,P001,?????,???,699.00,360.00,6425,689,499,48,24,24,16776.00,392.82,0,0,4.8
2026-05-25,P001,?????,???,699.00,360.00,6782,748,632,72,31,31,21669.00,393.43,0,0,4.8
2026-05-26,P001,?????,???,699.00,360.00,6817,677,570,62,26,27,18873.00,377.46,0,0,4.8
2026-05-27,P001,?????,???,699.00,360.00,7324,775,606,57,26,26,18174.00,407.18,0,0,4.8
2026-05-28,P001,?????,???,699.00,360.00,7395,813,690,74,35,35,24465.00,405.77,0,0,4.8
2026-05-29,P001,?????,???,699.00,360.00,7564,753,572,55,27,27,18873.00,392.31,0,0,4.7
2026-05-30,P001,?????,???,699.00,360.00,8020,883,673,68,33,33,23067.00,391.74,0,260,4.7
2026-05-31,P001,?????,???,699.00,360.00,7887,799,682,68,29,30,20970.00,401.16,0,230,4.7
2026-06-01,P001,?????,???,699.00,360.00,7816,788,647,64,30,30,20970.00,397.38,0,200,4.7
2026-06-02,P001,?????,???,699.00,360.00,7661,764,606,63,27,27,18873.00,384.52,0,173,4.7
2026-06-03,P001,?????,???,699.00,360.00,7281,793,607,59,27,27,18873.00,374.84,0,146,4.7
2026-06-04,P001,?????,???,699.00,360.00,6908,732,589,65,29,29,20271.00,372.77,0,117,4.8
2026-06-05,P001,?????,???,699.00,360.00,6862,740,608,65,31,32,22368.00,366.03,0,85,4.8
2026-06-06,P001,?????,???,699.00,360.00,6928,726,572,64,30,30,20970.00,373.41,0,55,4.8
2026-06-07,P001,?????,???,699.00,360.00,6829,677,544,61,29,29,20271.00,384.25,0,26,4.7
2026-06-08,P001,?????,???,699.00,360.00,7080,780,562,57,28,28,19572.00,385.92,1,0,4.8
2026-06-09,P001,?????,???,699.00,360.00,7210,760,563,56,27,27,18873.00,373.33,0,0,4.7
2026-06-10,P001,?????,???,699.00,360.00,7663,846,629,63,29,30,20970.00,393.34,0,0,4.8
2026-06-11,P001,?????,???,699.00,360.00,7692,810,603,65,31,31,21669.00,390.17,0,0,4.7
2026-06-12,P001,?????,???,699.00,360.00,7896,853,628,67,32,32,22368.00,404.52,0,0,4.7
2026-06-13,P001,?????,???,699.00,360.00,8144,854,732,80,38,38,26562.00,392.00,0,0,4.8
2026-06-14,P001,?????,???,699.00,360.00,8004,806,686,71,32,32,22368.00,388.10,0,0,4.8
2026-06-15,P001,?????,???,699.00,360.00,8089,826,626,65,32,33,23067.00,408.72,0,0,4.7
2026-06-16,P001,?????,???,699.00,360.00,7781,857,734,72,33,33,23067.00,407.88,0,0,4.8
2026-06-17,P001,?????,???,699.00,360.00,7764,844,656,63,31,31,21669.00,384.65,0,0,4.7
2026-06-18,P001,?????,???,699.00,360.00,7509,796,600,66,30,30,20970.00,395.71,0,0,4.7
2026-06-19,P001,?????,???,699.00,360.00,6897,753,606,62,30,30,20970.00,371.48,0,0,4.7
2026-06-20,P001,?????,???,699.00,360.00,7126,773,564,61,28,29,20271.00,398.86,0,0,4.7
2026-06-21,P001,?????,???,699.00,360.00,7213,794,667,64,28,28,19572.00,385.22,0,0,4.7
2026-06-22,P001,?????,???,699.00,360.00,7321,746,574,56,24,24,16776.00,407.61,0,0,4.7
2026-06-23,P001,?????,???,699.00,360.00,7298,739,607,59,26,26,18174.00,402.24,0,0,4.8
2026-06-24,P001,?????,???,699.00,360.00,7868,846,659,70,31,31,21669.00,389.81,0,0,4.7
2026-06-25,P001,?????,???,699.00,360.00,7975,820,652,66,30,31,21669.00,408.23,1,0,4.8
2026-06-26,P001,?????,???,699.00,360.00,8402,923,705,70,34,34,23766.00,417.67,0,0,4.7
2026-06-27,P001,?????,???,699.00,360.00,8217,895,734,79,38,38,26562.00,405.70,0,0,4.7
2026-06-28,P001,?????,???,699.00,360.00,8607,865,670,71,31,31,21669.00,419.15,0,0,4.8
2026-06-29,P001,?????,???,699.00,360.00,8194,833,712,80,36,36,25164.00,399.63,0,0,4.7
2026-04-01,P002,?????,???,329.00,150.00,6799,714,570,63,29,29,9541.00,400.54,0,831,4.6
2026-04-02,P002,?????,???,329.00,150.00,7319,761,646,79,40,40,13160.00,427.73,0,791,4.7
2026-04-03,P002,?????,???,329.00,150.00,7339,816,660,81,38,38,12502.00,399.41,0,753,4.7
2026-04-04,P002,?????,???,329.00,150.00,7415,762,638,75,36,36,11844.00,431.12,0,717,4.7
2026-04-05,P002,?????,???,329.00,150.00,7188,734,549,59,29,30,9870.00,399.60,0,687,4.7
2026-04-06,P002,?????,???,329.00,150.00,6969,754,551,59,27,27,8883.00,404.68,0,660,4.6
2026-04-07,P002,?????,???,329.00,150.00,6545,682,567,71,37,37,12173.00,390.88,0,623,4.7
2026-04-08,P002,?????,???,329.00,150.00,6422,716,568,66,30,30,9870.00,413.32,0,593,4.7
2026-04-09,P002,?????,???,329.00,150.00,6011,671,534,62,29,29,9541.00,401.64,0,564,4.7
2026-04-10,P002,?????,???,329.00,150.00,6070,649,491,52,24,25,8225.00,394.28,0,539,4.6
2026-04-11,P002,?????,???,329.00,150.00,5974,663,550,65,34,34,11186.00,388.20,0,505,4.7
2026-04-12,P002,?????,???,329.00,150.00,6065,617,446,52,26,26,8554.00,392.24,1,479,4.7
2026-04-13,P002,?????,???,329.00,150.00,6624,702,568,68,33,33,10857.00,407.36,0,446,4.7
2026-04-14,P002,?????,???,329.00,150.00,6611,693,511,59,29,29,9541.00,406.57,0,417,4.7
2026-04-15,P002,?????,???,329.00,150.00,7259,818,663,72,36,37,12173.00,398.94,0,380,4.8
2026-04-16,P002,?????,???,329.00,150.00,7565,802,640,72,37,37,12173.00,433.85,0,343,4.7
2026-04-17,P002,?????,???,329.00,150.00,7610,785,580,63,30,30,9870.00,432.02,0,313,4.7
2026-04-18,P002,?????,???,329.00,150.00,7551,810,691,81,39,39,12831.00,407.01,0,274,4.7
2026-04-19,P002,?????,???,329.00,150.00,7547,825,653,72,36,36,11844.00,404.53,0,238,4.7
2026-04-20,P002,?????,???,329.00,150.00,7030,776,657,82,39,40,13160.00,420.43,0,198,4.7
2026-04-21,P002,?????,???,329.00,150.00,6773,727,555,61,28,28,9212.00,420.44,0,170,4.7
2026-04-22,P002,?????,???,329.00,150.00,6790,732,606,65,30,30,9870.00,398.53,0,140,4.7
2026-04-23,P002,?????,???,329.00,150.00,6332,689,501,62,28,28,9212.00,414.14,0,112,4.6
2026-04-24,P002,?????,???,329.00,150.00,6508,665,493,59,29,29,9541.00,410.16,0,83,4.7
2026-04-25,P002,?????,???,329.00,150.00,6178,673,488,56,26,27,8883.00,393.45,0,56,4.7
2026-04-26,P002,?????,???,329.00,150.00,6571,739,561,67,32,32,10528.00,403.06,0,24,4.7
2026-04-27,P002,?????,???,329.00,150.00,6655,680,515,61,29,29,9541.00,421.44,0,0,4.7
2026-04-28,P002,?????,???,329.00,150.00,7294,776,617,68,34,34,11186.00,424.10,0,0,4.7
2026-04-29,P002,?????,???,329.00,150.00,7434,824,659,80,38,38,12502.00,414.06,1,0,4.7
2026-04-30,P002,?????,???,329.00,150.00,7672,853,629,77,36,37,12173.00,409.61,0,278,4.7
2026-05-01,P002,?????,???,329.00,150.00,7745,788,619,74,36,36,11844.00,439.05,0,242,4.8
2026-05-02,P002,?????,???,329.00,150.00,7847,822,664,77,40,40,13160.00,434.51,0,202,4.7
2026-05-03,P002,?????,???,329.00,150.00,7745,848,712,89,41,41,13489.00,415.60,0,161,4.7
2026-05-04,P002,?????,???,329.00,150.00,7422,799,627,72,35,35,11515.00,405.17,0,126,4.7
2026-05-05,P002,?????,???,329.00,150.00,7401,824,652,79,36,37,12173.00,421.60,0,89,4.7
2026-05-06,P002,?????,???,329.00,150.00,6941,772,579,64,29,29,9541.00,395.75,0,60,4.7
2026-05-07,P002,?????,???,329.00,150.00,6756,704,547,61,30,30,9870.00,398.77,0,30,4.7
2026-05-08,P002,?????,???,329.00,150.00,6828,737,601,69,33,33,10857.00,424.29,0,0,4.8
2026-05-09,P002,?????,???,329.00,150.00,6632,712,518,58,29,29,9541.00,402.91,0,0,4.7
2026-05-10,P002,?????,???,329.00,150.00,6970,775,601,64,32,33,10857.00,414.75,0,0,4.7
2026-05-11,P002,?????,???,329.00,150.00,6836,749,547,65,29,29,9541.00,421.50,0,0,4.7
2026-05-12,P002,?????,???,329.00,150.00,7444,821,624,69,32,32,10528.00,401.70,0,0,4.7
2026-05-13,P002,?????,???,329.00,150.00,7652,827,689,77,38,38,12502.00,430.61,0,0,4.7
2026-05-14,P002,?????,???,329.00,150.00,7918,880,700,78,36,36,11844.00,435.40,0,0,4.7
2026-05-15,P002,?????,???,329.00,150.00,7900,833,611,73,36,37,12173.00,408.34,0,0,4.7
2026-05-16,P002,?????,???,329.00,150.00,8160,885,720,85,43,43,14147.00,414.69,1,0,4.7
2026-05-17,P002,?????,???,329.00,150.00,7853,805,590,69,33,33,10857.00,441.22,0,0,4.7
2026-05-18,P002,?????,???,329.00,150.00,7789,868,673,83,39,39,12831.00,427.23,0,0,4.7
2026-05-19,P002,?????,???,329.00,150.00,7483,842,677,84,43,43,14147.00,432.87,0,0,4.7
2026-05-20,P002,?????,???,329.00,150.00,7305,798,601,72,33,34,11186.00,416.52,0,0,4.7
2026-05-21,P002,?????,???,329.00,150.00,7040,745,565,65,31,31,10199.00,422.66,0,0,4.7
2026-05-22,P002,?????,???,329.00,150.00,6811,738,623,74,36,36,11844.00,399.80,0,0,4.7
2026-05-23,P002,?????,???,329.00,150.00,6674,721,581,68,36,36,11844.00,389.83,0,0,4.7
2026-05-24,P002,?????,???,329.00,150.00,6927,752,593,72,34,34,11186.00,408.73,0,0,4.7
2026-05-25,P002,?????,???,329.00,150.00,7383,823,692,82,39,40,13160.00,406.76,0,0,4.7
2026-05-26,P002,?????,???,329.00,150.00,7364,788,616,73,37,37,12173.00,418.24,0,0,4.6
2026-05-27,P002,?????,???,329.00,150.00,7968,853,714,82,42,42,13818.00,425.28,0,0,4.8
2026-05-28,P002,?????,???,329.00,150.00,8215,830,701,75,38,38,12502.00,433.74,0,0,4.7
2026-05-29,P002,?????,???,329.00,150.00,8360,931,782,94,45,45,14805.00,430.03,0,0,4.7
2026-05-30,P002,?????,???,329.00,150.00,8341,908,674,72,34,35,11515.00,431.02,0,278,4.7
2026-05-31,P002,?????,???,329.00,150.00,8248,857,704,88,41,41,13489.00,442.78,0,237,4.7
2026-06-01,P002,?????,???,329.00,150.00,7876,806,590,68,31,31,10199.00,438.63,0,206,4.7
2026-06-02,P002,?????,???,329.00,150.00,7733,795,678,80,37,37,12173.00,438.98,1,169,4.7
2026-06-03,P002,?????,???,329.00,150.00,7340,743,536,64,30,30,9870.00,432.17,0,139,4.7
2026-06-04,P002,?????,???,329.00,150.00,7333,757,628,69,33,34,11186.00,433.72,0,105,4.7
2026-06-05,P002,?????,???,329.00,150.00,7263,747,626,72,36,36,11844.00,420.77,0,69,4.7
2026-06-06,P002,?????,???,329.00,150.00,7295,771,628,71,37,37,12173.00,430.94,0,32,4.7
2026-06-07,P002,?????,???,329.00,150.00,7449,798,648,69,32,32,10528.00,435.43,0,0,4.7
2026-06-08,P002,?????,???,329.00,150.00,7646,843,696,87,43,43,14147.00,425.62,0,0,4.7
2026-06-09,P002,?????,???,329.00,150.00,7717,798,618,67,32,33,10857.00,409.85,0,0,4.7
2026-06-10,P002,?????,???,329.00,150.00,8029,891,765,82,42,42,13818.00,443.21,0,0,4.7
2026-06-11,P002,?????,???,329.00,150.00,8514,929,788,94,46,46,15134.00,424.73,0,0,4.6
2026-06-12,P002,?????,???,329.00,150.00,8403,864,738,93,44,44,14476.00,423.68,0,0,4.8
2026-06-13,P002,?????,???,329.00,150.00,8586,870,632,74,36,36,11844.00,450.53,0,0,4.7
2026-06-14,P002,?????,???,329.00,150.00,8405,894,751,90,43,44,14476.00,427.97,0,0,4.7
2026-06-15,P002,?????,???,329.00,150.00,8337,894,710,80,39,39,12831.00,420.69,0,0,4.7
2026-06-16,P002,?????,???,329.00,150.00,8078,821,691,81,38,38,12502.00,411.81,0,0,4.7
2026-06-17,P002,?????,???,329.00,150.00,7907,833,711,76,36,36,11844.00,428.24,0,0,4.7
2026-06-18,P002,?????,???,329.00,150.00,7443,763,560,64,29,29,9541.00,432.97,0,0,4.6
2026-06-19,P002,?????,???,329.00,150.00,7446,804,646,79,41,42,13818.00,429.23,1,0,4.6
2026-06-20,P002,?????,???,329.00,150.00,7222,785,669,75,35,35,11515.00,404.40,0,0,4.7
2026-06-21,P002,?????,???,329.00,150.00,7679,796,617,68,32,32,10528.00,425.43,0,0,4.6
2026-06-22,P002,?????,???,329.00,150.00,7992,863,647,76,36,36,11844.00,415.66,0,0,4.7
2026-06-23,P002,?????,???,329.00,150.00,8171,861,669,79,38,38,12502.00,447.59,0,0,4.7
2026-06-24,P002,?????,???,329.00,150.00,8208,920,724,87,41,42,13818.00,434.93,0,0,4.7
2026-06-25,P002,?????,???,329.00,150.00,8777,935,802,89,46,46,15134.00,441.62,0,0,4.7
2026-06-26,P002,?????,???,329.00,150.00,8747,962,723,83,41,41,13489.00,428.51,0,0,4.7
2026-06-27,P002,?????,???,329.00,150.00,8883,909,709,85,40,40,13160.00,451.23,0,0,4.7
2026-06-28,P002,?????,???,329.00,150.00,8792,899,738,83,41,41,13489.00,435.40,0,0,4.7
2026-06-29,P002,?????,???,329.00,150.00,8583,885,756,88,43,44,14476.00,442.76,0,0,4.7
2026-04-01,P003,?????,???,459.00,220.00,7485,833,710,85,44,44,20196.00,454.99,0,716,4.7
2026-04-02,P003,?????,???,459.00,220.00,7761,873,714,88,42,42,19278.00,457.44,0,674,4.7
2026-04-03,P003,?????,???,459.00,220.00,7827,881,657,81,41,41,18819.00,456.85,0,633,4.7
2026-04-04,P003,?????,???,459.00,220.00,7392,792,610,81,43,44,20196.00,424.90,0,589,4.7
2026-04-05,P003,?????,???,459.00,220.00,7195,758,624,78,38,38,17442.00,438.65,0,551,4.7
2026-04-06,P003,?????,???,459.00,220.00,7261,827,697,85,42,42,19278.00,451.94,1,509,4.7
2026-04-07,P003,?????,???,459.00,220.00,6881,786,624,77,38,38,17442.00,423.21,0,471,4.7
2026-04-08,P003,?????,???,459.00,220.00,6489,671,488,60,33,33,15147.00,411.78,0,438,4.6
2026-04-09,P003,?????,???,459.00,220.00,6551,715,515,67,36,37,16983.00,438.55,0,401,4.7
2026-04-10,P003,?????,???,459.00,220.00,6621,706,542,66,34,34,15606.00,426.68,0,367,4.6
2026-04-11,P003,?????,???,459.00,220.00,6665,695,557,71,37,37,16983.00,426.96,0,330,4.6
2026-04-12,P003,?????,???,459.00,220.00,6905,728,583,75,41,41,18819.00,447.52,0,289,4.7
2026-04-13,P003,?????,???,459.00,220.00,7132,790,622,82,43,43,19737.00,444.29,0,246,4.7
2026-04-14,P003,?????,???,459.00,220.00,7314,818,647,81,42,43,19737.00,432.16,0,203,4.8
2026-04-15,P003,?????,???,459.00,220.00,7586,814,659,80,41,41,18819.00,430.71,0,162,4.6
2026-04-16,P003,?????,???,459.00,220.00,7818,855,720,93,47,47,21573.00,461.83,0,115,4.7
2026-04-17,P003,?????,???,459.00,220.00,7702,797,593,78,42,42,19278.00,444.48,0,73,4.7
2026-04-18,P003,?????,???,459.00,220.00,7941,855,641,86,43,43,19737.00,433.28,0,30,4.6
2026-04-19,P003,?????,???,459.00,220.00,7372,777,632,83,45,46,21114.00,425.80,0,0,4.7
2026-04-20,P003,?????,???,459.00,220.00,7509,854,713,94,52,52,23868.00,458.35,0,0,4.7
2026-04-21,P003,?????,???,459.00,220.00,6877,722,564,76,40,40,18360.00,441.99,0,0,4.6
2026-04-22,P003,?????,???,459.00,220.00,6981,770,607,82,45,45,20655.00,425.66,0,0,4.7
2026-04-23,P003,?????,???,459.00,220.00,6669,724,595,82,40,40,18360.00,443.61,1,0,4.7
2026-04-24,P003,?????,???,459.00,220.00,6775,738,629,83,43,44,20196.00,444.97,0,0,4.7
2026-04-25,P003,?????,???,459.00,220.00,7117,813,621,78,39,39,17901.00,449.80,0,0,4.6
2026-04-26,P003,?????,???,459.00,220.00,7137,787,654,86,45,45,20655.00,430.66,0,0,4.7
2026-04-27,P003,?????,???,459.00,220.00,7532,802,621,74,38,38,17442.00,434.18,0,0,4.7
2026-04-28,P003,?????,???,459.00,220.00,7883,888,691,93,47,47,21573.00,465.89,0,0,4.6
2026-04-29,P003,?????,???,459.00,220.00,8138,899,682,87,44,45,20655.00,456.95,0,0,4.7
2026-04-30,P003,?????,???,459.00,220.00,8003,877,670,87,42,42,19278.00,441.72,0,296,4.7
2026-05-01,P003,?????,???,459.00,220.00,8317,921,678,87,43,43,19737.00,460.24,0,253,4.7
2026-05-02,P003,?????,???,459.00,220.00,8002,874,723,89,48,48,22032.00,467.41,0,205,4.7
2026-05-03,P003,?????,???,459.00,220.00,7728,804,653,89,47,47,21573.00,452.14,0,158,4.7
2026-05-04,P003,?????,???,459.00,220.00,7755,833,621,84,44,45,20655.00,447.90,0,113,4.6
2026-05-05,P003,?????,???,459.00,220.00,7133,819,623,80,41,41,18819.00,435.57,0,72,4.7
2026-05-06,P003,?????,???,459.00,220.00,6987,786,600,73,39,39,17901.00,448.46,0,33,4.7
2026-05-07,P003,?????,???,459.00,220.00,6941,715,546,72,36,36,16524.00,448.60,0,0,4.7
2026-05-08,P003,?????,???,459.00,220.00,6821,738,629,86,47,47,21573.00,430.77,0,0,4.6
2026-05-09,P003,?????,???,459.00,220.00,7316,817,657,80,43,44,20196.00,454.91,0,0,4.6
2026-05-10,P003,?????,???,459.00,220.00,7288,766,611,82,45,45,20655.00,449.06,1,0,4.7
2026-05-11,P003,?????,???,459.00,220.00,7585,826,692,94,50,50,22950.00,447.93,0,0,4.7
2026-05-12,P003,?????,???,459.00,220.00,7830,878,659,85,42,42,19278.00,443.93,0,0,4.7
2026-05-13,P003,?????,???,459.00,220.00,8237,935,727,88,42,42,19278.00,465.83,0,0,4.7
2026-05-14,P003,?????,???,459.00,220.00,8601,986,792,101,54,55,25245.00,454.07,0,0,4.7
2026-05-15,P003,?????,???,459.00,220.00,8526,944,703,92,48,48,22032.00,478.91,0,0,4.7
2026-05-16,P003,?????,???,459.00,220.00,8479,970,803,103,50,50,22950.00,466.73,0,0,4.7
2026-05-17,P003,?????,???,459.00,220.00,8185,893,741,94,47,47,21573.00,468.54,0,0,4.7
2026-05-18,P003,?????,???,459.00,220.00,7849,843,699,88,45,45,20655.00,450.44,0,0,4.6
2026-05-19,P003,?????,???,459.00,220.00,7730,818,694,86,44,45,20655.00,464.05,0,0,4.7
2026-05-20,P003,?????,???,459.00,220.00,7341,818,702,85,45,45,20655.00,443.87,0,0,4.7
2026-05-21,P003,?????,???,459.00,220.00,7433,802,586,72,36,36,16524.00,432.24,0,0,4.6
2026-05-22,P003,?????,???,459.00,220.00,7197,790,592,78,42,42,19278.00,419.79,0,0,4.7
2026-05-23,P003,?????,???,459.00,220.00,7508,820,592,80,44,44,20196.00,426.11,0,0,4.7
2026-05-24,P003,?????,???,459.00,220.00,7773,834,712,94,49,50,22950.00,455.68,0,0,4.7
2026-05-25,P003,?????,???,459.00,220.00,8127,856,662,83,40,40,18360.00,464.89,0,0,4.6
2026-05-26,P003,?????,???,459.00,220.00,8129,867,674,89,47,47,21573.00,464.98,0,0,4.6
2026-05-27,P003,?????,???,459.00,220.00,8492,911,722,91,48,48,22032.00,473.95,1,0,4.7
2026-05-28,P003,?????,???,459.00,220.00,8661,918,775,101,53,53,24327.00,463.83,0,0,4.6
2026-05-29,P003,?????,???,459.00,220.00,8488,965,743,90,46,47,21573.00,453.59,0,0,4.7
2026-05-30,P003,?????,???,459.00,220.00,8436,948,783,106,51,51,23409.00,475.84,0,296,4.7
2026-05-31,P003,?????,???,459.00,220.00,8351,872,636,83,45,45,20655.00,468.15,0,251,4.6
2026-06-01,P003,?????,???,459.00,220.00,7879,817,652,79,43,43,19737.00,450.67,0,208,4.6
2026-06-02,P003,?????,???,459.00,220.00,7681,849,709,97,50,50,22950.00,443.79,0,158,4.7
2026-06-03,P003,?????,???,459.00,220.00,7719,842,667,86,46,47,21573.00,429.42,0,111,4.7
2026-06-04,P003,?????,???,459.00,220.00,7341,765,590,76,39,39,17901.00,433.62,0,72,4.7
2026-06-05,P003,?????,???,459.00,220.00,7372,788,593,75,38,38,17442.00,428.08,0,34,4.6
2026-06-06,P003,?????,???,459.00,220.00,7813,893,710,94,48,48,22032.00,431.39,0,0,4.7
2026-06-07,P003,?????,???,459.00,220.00,7685,818,639,82,44,44,20196.00,429.55,0,0,4.6
2026-06-08,P003,?????,???,459.00,220.00,8319,867,740,90,49,50,22950.00,459.19,0,0,4.7
2026-06-09,P003,?????,???,459.00,220.00,8378,926,783,106,57,57,26163.00,442.68,0,0,4.7
2026-06-10,P003,?????,???,459.00,220.00,8841,978,787,100,53,53,24327.00,472.43,0,0,4.7
2026-06-11,P003,?????,???,459.00,220.00,9096,1035,846,111,56,56,25704.00,489.46,0,0,4.7
2026-06-12,P003,?????,???,459.00,220.00,8878,978,783,103,54,54,24786.00,459.19,0,0,4.6
2026-06-13,P003,?????,???,459.00,220.00,8609,923,766,91,46,47,21573.00,457.64,1,0,4.7
2026-06-14,P003,?????,???,459.00,220.00,8712,986,831,106,58,58,26622.00,479.60,0,0,4.7
2026-06-15,P003,?????,???,459.00,220.00,8117,836,655,85,41,41,18819.00,443.17,0,0,4.7
2026-06-16,P003,?????,???,459.00,220.00,8160,916,774,93,45,45,20655.00,441.77,0,0,4.6
2026-06-17,P003,?????,???,459.00,220.00,7685,799,616,73,37,37,16983.00,437.56,0,0,4.6
2026-06-18,P003,?????,???,459.00,220.00,7857,824,687,92,46,47,21573.00,453.56,0,0,4.8
2026-06-19,P003,?????,???,459.00,220.00,7643,793,575,70,35,35,16065.00,462.70,0,0,4.7
2026-06-20,P003,?????,???,459.00,220.00,7806,884,739,94,52,52,23868.00,460.11,0,0,4.6
2026-06-21,P003,?????,???,459.00,220.00,8325,861,739,99,49,49,22491.00,469.29,0,0,4.7
2026-06-22,P003,?????,???,459.00,220.00,8307,935,744,102,54,54,24786.00,441.25,0,0,4.7
2026-06-23,P003,?????,???,459.00,220.00,8622,952,706,85,41,42,19278.00,476.18,0,0,4.7
2026-06-24,P003,?????,???,459.00,220.00,8851,920,737,90,44,44,20196.00,480.26,0,0,4.7
2026-06-25,P003,?????,???,459.00,220.00,9262,1011,763,91,47,47,21573.00,462.33,0,0,4.6
2026-06-26,P003,?????,???,459.00,220.00,9066,942,776,97,53,53,24327.00,459.04,0,0,4.7
2026-06-27,P003,?????,???,459.00,220.00,9122,946,715,92,49,49,22491.00,470.07,0,0,4.7
2026-06-28,P003,?????,???,459.00,220.00,8785,911,744,99,50,51,23409.00,477.78,0,0,4.6
2026-06-29,P003,?????,???,459.00,220.00,8783,946,812,97,47,47,21573.00,463.06,0,0,4.7
2026-04-01,P004,??????,??,399.00,180.00,7844,833,677,69,38,38,15162.00,460.44,0,782,4.6
2026-04-02,P004,??????,??,399.00,180.00,7947,927,750,73,41,41,16359.00,470.73,0,741,4.7
2026-04-03,P004,??????,??,399.00,180.00,7879,911,694,67,36,37,14763.00,457.93,0,704,4.6
2026-04-04,P004,??????,??,399.00,180.00,7745,848,624,59,30,30,11970.00,458.32,0,674,4.7
2026-04-05,P004,??????,??,399.00,180.00,7539,847,651,72,40,40,15960.00,476.30,0,634,4.6
2026-04-06,P004,??????,??,399.00,180.00,6983,810,584,65,35,35,13965.00,444.27,0,599,4.7
2026-04-07,P004,??????,??,399.00,180.00,6919,741,535,55,30,30,11970.00,450.54,0,569,4.7
2026-04-08,P004,??????,??,399.00,180.00,6994,734,533,57,32,33,13167.00,468.23,0,536,4.6
2026-04-09,P004,??????,??,399.00,180.00,7064,747,566,62,32,32,12768.00,457.70,0,504,4.7
2026-04-10,P004,??????,??,399.00,180.00,7037,773,646,72,38,38,15162.00,466.09,0,466,4.7
2026-04-11,P004,??????,??,399.00,180.00,7386,857,735,83,47,47,18753.00,467.73,0,419,4.6
2026-04-12,P004,??????,??,399.00,180.00,7542,857,627,67,35,35,13965.00,473.85,0,384,4.7
2026-04-13,P004,??????,??,399.00,180.00,7808,907,708,67,38,39,15561.00,463.20,0,345,4.7
2026-04-14,P004,??????,??,399.00,180.00,8104,921,692,73,38,38,15162.00,468.55,0,307,4.6
2026-04-15,P004,??????,??,399.00,180.00,8317,919,718,75,41,41,16359.00,473.18,0,266,4.7
2026-04-16,P004,??????,??,399.00,180.00,8482,916,672,65,36,36,14364.00,494.07,0,230,4.7
2026-04-17,P004,??????,??,399.00,180.00,8010,869,679,70,37,37,14763.00,463.01,1,193,4.7
2026-04-18,P004,??????,??,399.00,180.00,8002,888,641,65,36,37,14763.00,468.07,0,156,4.6
2026-04-19,P004,??????,??,399.00,180.00,7783,873,706,79,45,45,17955.00,460.17,0,111,4.6
2026-04-20,P004,??????,??,399.00,180.00,7251,793,673,74,39,39,15561.00,445.52,0,72,4.6
2026-04-21,P004,??????,??,399.00,180.00,7243,775,660,74,37,37,14763.00,462.56,0,35,4.7
2026-04-22,P004,??????,??,399.00,180.00,6977,766,575,58,31,31,12369.00,475.16,0,4,4.7
2026-04-23,P004,??????,??,399.00,180.00,7268,833,673,64,34,35,13965.00,460.39,0,0,4.7
2026-04-24,P004,??????,??,399.00,180.00,7253,799,684,72,38,38,15162.00,450.98,0,0,4.7
2026-04-25,P004,??????,??,399.00,180.00,7503,858,672,74,38,38,15162.00,483.15,0,0,4.6
2026-04-26,P004,??????,??,399.00,180.00,8027,855,668,75,41,41,16359.00,486.85,0,0,4.7
2026-04-27,P004,??????,??,399.00,180.00,8261,902,714,80,41,41,16359.00,464.62,0,0,4.7
2026-04-28,P004,??????,??,399.00,180.00,8540,990,730,71,40,41,16359.00,473.81,0,0,4.7
2026-04-29,P004,??????,??,399.00,180.00,8460,894,747,71,40,40,15960.00,477.25,0,0,4.7
2026-04-30,P004,??????,??,399.00,180.00,8358,891,666,75,43,43,17157.00,474.86,0,314,4.7
2026-05-01,P004,??????,??,399.00,180.00,8261,947,795,85,48,48,19152.00,484.14,0,266,4.6
2026-05-02,P004,??????,??,399.00,180.00,8015,844,711,77,39,39,15561.00,465.61,0,227,4.7
2026-05-03,P004,??????,??,399.00,180.00,8124,871,696,69,35,36,14364.00,485.60,0,191,4.7
2026-05-04,P004,??????,??,399.00,180.00,7474,821,621,62,31,31,12369.00,471.61,1,160,4.7
2026-05-05,P004,??????,??,399.00,180.00,7552,848,611,68,38,38,15162.00,484.76,0,122,4.6
2026-05-06,P004,??????,??,399.00,180.00,7298,846,709,70,37,37,14763.00,478.11,0,85,4.7
2026-05-07,P004,??????,??,399.00,180.00,7330,830,621,61,34,34,13566.00,465.06,0,51,4.7
2026-05-08,P004,??????,??,399.00,180.00,7533,877,644,62,33,34,13566.00,465.11,0,17,4.7
2026-05-09,P004,??????,??,399.00,180.00,7916,882,742,82,45,45,17955.00,491.69,0,0,4.6
2026-05-10,P004,??????,??,399.00,180.00,7952,868,677,76,41,41,16359.00,477.46,0,0,4.7
2026-05-11,P004,??????,??,399.00,180.00,8221,881,696,71,38,38,15162.00,492.84,0,0,4.6
2026-05-12,P004,??????,??,399.00,180.00,8555,912,733,82,45,45,17955.00,495.56,0,0,4.7
2026-05-13,P004,??????,??,399.00,180.00,8679,995,841,90,47,48,19152.00,490.56,0,0,4.7
2026-05-14,P004,??????,??,399.00,180.00,8881,1018,811,79,42,42,16758.00,502.40,0,0,4.7
2026-05-15,P004,??????,??,399.00,180.00,8578,947,760,77,43,43,17157.00,490.85,0,0,4.7
2026-05-16,P004,??????,??,399.00,180.00,8564,922,688,70,38,38,15162.00,500.95,0,0,4.7
2026-05-17,P004,??????,??,399.00,180.00,8392,904,735,72,40,40,15960.00,492.93,0,0,4.7
2026-05-18,P004,??????,??,399.00,180.00,7858,900,767,85,45,46,18354.00,463.49,0,0,4.7
2026-05-19,P004,??????,??,399.00,180.00,7833,854,710,80,42,42,16758.00,467.70,0,0,4.7
2026-05-20,P004,??????,??,399.00,180.00,7707,839,621,71,39,39,15561.00,468.65,0,0,4.7
2026-05-21,P004,??????,??,399.00,180.00,7818,898,690,70,40,40,15960.00,464.30,1,0,4.7
2026-05-22,P004,??????,??,399.00,180.00,7573,840,717,81,42,42,16758.00,469.94,0,0,4.7
2026-05-23,P004,??????,??,399.00,180.00,8040,904,714,72,38,39,15561.00,488.33,0,0,4.6
2026-05-24,P004,??????,??,399.00,180.00,8301,905,679,73,39,39,15561.00,494.37,0,0,4.6
2026-05-25,P004,??????,??,399.00,180.00,8666,971,735,84,48,48,19152.00,497.35,0,0,4.7
2026-05-26,P004,??????,??,399.00,180.00,8753,992,777,88,49,49,19551.00,485.94,0,0,4.7
2026-05-27,P004,??????,??,399.00,180.00,8791,1000,859,86,47,47,18753.00,482.81,0,0,4.6
2026-05-28,P004,??????,??,399.00,180.00,8909,972,733,74,42,43,17157.00,496.60,0,0,4.7
2026-05-29,P004,??????,??,399.00,180.00,9047,980,763,85,47,47,18753.00,477.84,0,0,4.6
2026-05-30,P004,??????,??,399.00,180.00,8894,946,769,75,43,43,17157.00,508.39,0,314,4.6
2026-05-31,P004,??????,??,399.00,180.00,8481,953,778,80,43,43,17157.00,470.47,0,271,4.7
2026-06-01,P004,??????,??,399.00,180.00,8373,958,814,90,50,50,19950.00,466.67,0,221,4.7
2026-06-02,P004,??????,??,399.00,180.00,8168,904,656,68,37,38,15162.00,495.08,0,183,4.6
2026-06-03,P004,??????,??,399.00,180.00,8034,909,700,79,41,41,16359.00,462.97,0,142,4.6
2026-06-04,P004,??????,??,399.00,180.00,7863,894,679,68,37,37,14763.00,457.17,0,105,4.6
2026-06-05,P004,??????,??,399.00,180.00,8186,928,762,77,44,44,17556.00,486.94,0,61,4.6
2026-06-06,P004,??????,??,399.00,180.00,8111,881,651,61,31,31,12369.00,489.03,0,30,4.7
2026-06-07,P004,??????,??,399.00,180.00,8530,932,737,77,40,41,16359.00,495.74,1,0,4.6
2026-06-08,P004,??????,??,399.00,180.00,8978,998,817,86,47,47,18753.00,480.47,0,0,4.7
2026-06-09,P004,??????,??,399.00,180.00,9328,1076,835,88,47,47,18753.00,498.90,0,0,4.6
2026-06-10,P004,??????,??,399.00,180.00,9418,1049,838,85,45,45,17955.00,492.19,0,0,4.7
2026-06-11,P004,??????,??,399.00,180.00,9291,1034,850,96,49,49,19551.00,490.73,0,0,4.7
2026-06-12,P004,??????,??,399.00,180.00,9112,1003,814,79,41,42,16758.00,503.59,0,0,4.6
2026-06-13,P004,??????,??,399.00,180.00,9053,1018,844,83,43,43,17157.00,484.22,0,0,4.7
2026-06-14,P004,??????,??,399.00,180.00,8551,912,703,79,41,41,16359.00,473.01,0,0,4.6
2026-06-15,P004,??????,??,399.00,180.00,8325,926,758,75,42,42,16758.00,498.38,0,0,4.6
2026-06-16,P004,??????,??,399.00,180.00,8144,911,759,83,44,44,17556.00,472.60,0,0,4.6
2026-06-17,P004,??????,??,399.00,180.00,8254,895,706,67,36,37,14763.00,479.66,0,0,4.6
2026-06-18,P004,??????,??,399.00,180.00,7974,861,628,66,36,36,14364.00,478.60,0,0,4.7
2026-06-19,P004,??????,??,399.00,180.00,8237,936,738,72,37,37,14763.00,477.23,0,0,4.7
2026-06-20,P004,??????,??,399.00,180.00,8485,950,800,84,47,47,18753.00,478.92,0,0,4.7
2026-06-21,P004,??????,??,399.00,180.00,8991,1050,812,86,44,44,17556.00,504.48,0,0,4.7
2026-06-22,P004,??????,??,399.00,180.00,9325,1055,886,87,49,50,19950.00,503.37,0,0,4.6
2026-06-23,P004,??????,??,399.00,180.00,9376,1066,802,78,41,41,16359.00,486.22,0,0,4.6
2026-06-24,P004,??????,??,399.00,180.00,9554,1103,845,92,49,49,19551.00,498.59,1,0,4.7
2026-06-25,P004,??????,??,399.00,180.00,9489,1045,810,88,48,48,19152.00,507.81,0,0,4.6
2026-06-26,P004,??????,??,399.00,180.00,9445,1084,859,89,51,51,20349.00,516.68,0,0,4.7
2026-06-27,P004,??????,??,399.00,180.00,9320,1010,809,82,46,47,18753.00,493.09,0,0,4.6
2026-06-28,P004,??????,??,399.00,180.00,9116,1054,828,81,43,43,17157.00,497.04,0,0,4.7
2026-06-29,P004,??????,??,399.00,180.00,8740,1006,730,79,45,45,17955.00,474.60,0,0,4.6
2026-04-01,P005,????T?,T?,229.00,90.00,8233,899,758,91,45,45,10305.00,498.59,0,1055,4.7
2026-04-02,P005,????T?,T?,229.00,90.00,8196,927,713,81,37,38,8702.00,509.82,0,1017,4.7
2026-04-03,P005,????T?,T?,229.00,90.00,7909,931,744,90,39,39,8931.00,510.06,0,978,4.7
2026-04-04,P005,????T?,T?,229.00,90.00,7976,898,648,71,31,31,7099.00,502.62,0,947,4.6
2026-04-05,P005,????T?,T?,229.00,90.00,7353,832,677,78,38,38,8702.00,483.26,0,909,4.6
2026-04-06,P005,????T?,T?,229.00,90.00,7333,791,599,68,32,32,7328.00,498.26,0,877,4.6
2026-04-07,P005,????T?,T?,229.00,90.00,7089,797,629,71,32,33,7557.00,476.86,0,844,4.6
2026-04-08,P005,????T?,T?,229.00,90.00,7236,828,665,74,36,36,8244.00,477.07,0,808,4.7
2026-04-09,P005,????T?,T?,229.00,90.00,7496,855,636,71,31,31,7099.00,499.84,0,777,4.7
2026-04-10,P005,????T?,T?,229.00,90.00,7498,861,679,80,37,37,8473.00,478.25,0,740,4.6
2026-04-11,P005,????T?,T?,229.00,90.00,7811,871,685,73,35,35,8015.00,505.44,1,705,4.7
2026-04-12,P005,????T?,T?,229.00,90.00,8051,866,721,86,37,38,8702.00,487.65,0,667,4.7
2026-04-13,P005,????T?,T?,229.00,90.00,8624,993,816,91,43,43,9847.00,521.09,0,624,4.7
2026-04-14,P005,????T?,T?,229.00,90.00,8699,1012,790,91,41,41,9389.00,526.05,0,583,4.6
2026-04-15,P005,????T?,T?,229.00,90.00,8597,944,785,99,49,49,11221.00,520.18,0,534,4.7
2026-04-16,P005,????T?,T?,229.00,90.00,8335,893,662,79,39,39,8931.00,493.72,0,495,4.7
2026-04-17,P005,????T?,T?,229.00,90.00,8238,894,649,71,34,35,8015.00,513.14,0,460,4.7
2026-04-18,P005,????T?,T?,229.00,90.00,8103,964,741,82,37,37,8473.00,492.23,0,423,4.6
2026-04-19,P005,????T?,T?,229.00,90.00,7617,867,657,82,37,37,8473.00,490.32,0,386,4.6
2026-04-20,P005,????T?,T?,229.00,90.00,7681,876,712,88,42,42,9618.00,497.57,0,344,4.7
2026-04-21,P005,????T?,T?,229.00,90.00,7622,825,655,73,32,32,7328.00,489.40,0,312,4.7
2026-04-22,P005,????T?,T?,229.00,90.00,7334,787,584,65,31,32,7328.00,494.02,0,280,4.6
2026-04-23,P005,????T?,T?,229.00,90.00,7492,845,716,89,40,40,9160.00,505.28,0,240,4.7
2026-04-24,P005,????T?,T?,229.00,90.00,7867,907,778,98,43,43,9847.00,504.69,0,197,4.7
2026-04-25,P005,????T?,T?,229.00,90.00,8013,866,680,79,36,36,8244.00,506.87,0,161,4.6
2026-04-26,P005,????T?,T?,229.00,90.00,8572,932,726,88,39,39,8931.00,508.70,0,122,4.7
2026-04-27,P005,????T?,T?,229.00,90.00,8677,981,772,92,42,43,9847.00,508.04,0,79,4.6
2026-04-28,P005,????T?,T?,229.00,90.00,9007,1067,898,102,51,51,11679.00,502.40,1,28,4.6
2026-04-29,P005,????T?,T?,229.00,90.00,8724,958,763,82,36,36,8244.00,513.73,0,0,4.6
2026-04-30,P005,????T?,T?,229.00,90.00,8963,1010,855,108,52,52,11908.00,533.15,0,332,4.7
2026-05-01,P005,????T?,T?,229.00,90.00,8795,1006,729,88,42,42,9618.00,498.16,0,290,4.6
2026-05-02,P005,????T?,T?,229.00,90.00,8164,929,731,88,40,41,9389.00,514.79,0,249,4.7
2026-05-03,P005,????T?,T?,229.00,90.00,8108,887,758,90,44,44,10076.00,491.29,0,205,4.7
2026-05-04,P005,????T?,T?,229.00,90.00,8046,895,702,80,39,39,8931.00,501.27,0,166,4.6
2026-05-05,P005,????T?,T?,229.00,90.00,7596,891,715,89,44,44,10076.00,478.66,0,122,4.6
2026-05-06,P005,????T?,T?,229.00,90.00,7824,890,721,78,34,34,7786.00,493.45,0,88,4.6
2026-05-07,P005,????T?,T?,229.00,90.00,7884,864,725,80,37,38,8702.00,490.10,0,50,4.7
2026-05-08,P005,????T?,T?,229.00,90.00,7944,853,631,76,34,34,7786.00,514.34,0,16,4.6
2026-05-09,P005,????T?,T?,229.00,90.00,8523,921,686,84,38,38,8702.00,496.68,0,0,4.7
2026-05-10,P005,????T?,T?,229.00,90.00,8946,1038,774,87,39,39,8931.00,505.69,0,0,4.7
2026-05-11,P005,????T?,T?,229.00,90.00,8795,999,798,100,44,44,10076.00,497.18,0,0,4.6
2026-05-12,P005,????T?,T?,229.00,90.00,9097,1065,779,93,45,46,10534.00,519.28,0,0,4.7
2026-05-13,P005,????T?,T?,229.00,90.00,9083,1006,780,95,47,47,10763.00,534.79,0,0,4.6
2026-05-14,P005,????T?,T?,229.00,90.00,9104,1074,914,108,51,51,11679.00,526.72,0,0,4.6
2026-05-15,P005,????T?,T?,229.00,90.00,8904,1008,795,94,45,45,10305.00,502.16,1,0,4.7
2026-05-16,P005,????T?,T?,229.00,90.00,8515,1000,743,81,40,40,9160.00,505.22,0,0,4.6
2026-05-17,P005,????T?,T?,229.00,90.00,8435,914,665,80,37,38,8702.00,522.13,0,0,4.6
2026-05-18,P005,????T?,T?,229.00,90.00,7977,931,763,84,39,39,8931.00,486.27,0,0,4.7
2026-05-19,P005,????T?,T?,229.00,90.00,8040,881,688,79,35,35,8015.00,494.59,0,0,4.7
2026-05-20,P005,????T?,T?,229.00,90.00,7981,871,706,89,44,44,10076.00,483.74,0,0,4.6
2026-05-21,P005,????T?,T?,229.00,90.00,8312,922,742,92,42,42,9618.00,492.52,0,0,4.6
2026-05-22,P005,????T?,T?,229.00,90.00,8489,965,746,92,40,41,9389.00,500.61,0,0,4.7
2026-05-23,P005,????T?,T?,229.00,90.00,8691,975,708,76,34,34,7786.00,519.75,0,0,4.7
2026-05-24,P005,????T?,T?,229.00,90.00,9131,1000,755,83,38,38,8702.00,503.07,0,0,4.6
2026-05-25,P005,????T?,T?,229.00,90.00,9023,993,824,96,48,48,10992.00,527.69,0,0,4.6
2026-05-26,P005,????T?,T?,229.00,90.00,9202,1002,742,86,43,43,9847.00,528.72,0,0,4.6
2026-05-27,P005,????T?,T?,229.00,90.00,9502,1071,845,104,48,49,11221.00,510.36,0,0,4.7
2026-05-28,P005,????T?,T?,229.00,90.00,9375,1027,865,109,47,47,10763.00,511.16,0,0,4.6
2026-05-29,P005,????T?,T?,229.00,90.00,9003,996,831,102,50,50,11450.00,509.91,0,0,4.6
2026-05-30,P005,????T?,T?,229.00,90.00,8984,1006,760,81,38,38,8702.00,516.19,0,332,4.6
2026-05-31,P005,????T?,T?,229.00,90.00,8355,919,726,82,40,40,9160.00,495.41,0,292,4.6
2026-06-01,P005,????T?,T?,229.00,90.00,8261,957,785,91,44,45,10305.00,517.36,1,247,4.7
2026-06-02,P005,????T?,T?,229.00,90.00,8124,914,755,93,41,41,9389.00,498.24,0,206,4.7
2026-06-03,P005,????T?,T?,229.00,90.00,8086,959,744,80,39,39,8931.00,492.08,0,167,4.7
2026-06-04,P005,????T?,T?,229.00,90.00,8259,977,825,92,41,41,9389.00,514.75,0,126,4.6
2026-06-05,P005,????T?,T?,229.00,90.00,8787,986,840,93,41,41,9389.00,526.35,0,85,4.6
2026-06-06,P005,????T?,T?,229.00,90.00,9090,1013,741,83,40,41,9389.00,503.01,0,44,4.6
2026-06-07,P005,????T?,T?,229.00,90.00,9104,1041,805,93,44,44,10076.00,508.81,0,0,4.7
2026-06-08,P005,????T?,T?,229.00,90.00,9442,1108,950,102,45,45,10305.00,531.32,0,0,4.6
2026-06-09,P005,????T?,T?,229.00,90.00,9661,1034,861,106,50,50,11450.00,546.54,0,0,4.7
2026-06-10,P005,????T?,T?,229.00,90.00,9820,1115,894,102,49,49,11221.00,516.08,0,0,4.6
2026-06-11,P005,????T?,T?,229.00,90.00,9411,1009,730,79,35,36,8244.00,537.96,0,0,4.6
2026-06-12,P005,????T?,T?,229.00,90.00,9516,1127,913,109,48,48,10992.00,530.51,0,0,4.6
2026-06-13,P005,????T?,T?,229.00,90.00,9082,1066,770,94,46,46,10534.00,515.77,0,0,4.6
2026-06-14,P005,????T?,T?,229.00,90.00,8888,1043,797,95,45,45,10305.00,528.35,0,0,4.7
2026-06-15,P005,????T?,T?,229.00,90.00,8456,965,829,102,48,48,10992.00,511.21,0,0,4.6
2026-06-16,P005,????T?,T?,229.00,90.00,8549,943,740,92,44,45,10305.00,502.71,0,0,4.7
2026-06-17,P005,????T?,T?,229.00,90.00,8688,965,821,91,45,45,10305.00,502.16,0,0,4.7
2026-06-18,P005,????T?,T?,229.00,90.00,8538,969,700,78,37,37,8473.00,524.11,1,0,4.6
2026-06-19,P005,????T?,T?,229.00,90.00,8818,1009,742,89,40,40,9160.00,515.77,0,0,4.7
2026-06-20,P005,????T?,T?,229.00,90.00,9198,1040,829,89,44,44,10076.00,520.43,0,0,4.7
2026-06-21,P005,????T?,T?,229.00,90.00,9689,1121,913,110,53,54,12366.00,540.22,0,0,4.7
2026-06-22,P005,????T?,T?,229.00,90.00,9810,1100,847,90,40,40,9160.00,541.24,0,0,4.6
2026-06-23,P005,????T?,T?,229.00,90.00,9705,1089,921,107,53,53,12137.00,545.90,0,0,4.6
2026-06-24,P005,????T?,T?,229.00,90.00,9843,1143,959,119,54,54,12366.00,528.33,0,0,4.7
2026-06-25,P005,????T?,T?,229.00,90.00,9689,1060,899,101,44,44,10076.00,542.77,0,0,4.7
2026-06-26,P005,????T?,T?,229.00,90.00,9462,1113,904,112,53,54,12366.00,524.37,0,0,4.6
2026-06-27,P005,????T?,T?,229.00,90.00,9175,1079,790,92,40,40,9160.00,524.96,0,0,4.7
2026-06-28,P005,????T?,T?,229.00,90.00,9020,1040,827,98,45,45,10305.00,534.60,0,0,4.6
2026-06-29,P005,????T?,T?,229.00,90.00,8929,960,790,99,47,47,10763.00,532.79,0,0,4.6
2026-04-01,P006,?????,???,899.00,480.00,8755,1016,768,91,44,45,40455.00,529.93,0,575,4.6
2026-04-02,P006,?????,???,899.00,480.00,8518,999,769,101,52,52,46748.00,528.75,0,523,4.6
2026-04-03,P006,?????,???,899.00,480.00,8096,941,755,90,43,43,38657.00,536.11,0,480,4.7
2026-04-04,P006,?????,???,899.00,480.00,7979,931,797,101,48,48,43152.00,520.78,0,432,4.6
2026-04-05,P006,?????,???,899.00,480.00,7633,863,645,80,39,39,35061.00,502.84,1,393,4.7
2026-04-06,P006,?????,???,899.00,480.00,7570,828,603,82,39,40,35960.00,532.44,0,353,4.6
2026-04-07,P006,?????,???,899.00,480.00,7444,888,747,93,48,48,43152.00,528.39,0,305,4.6
2026-04-08,P006,?????,???,899.00,480.00,7666,878,708,98,45,45,40455.00,517.73,0,260,4.6
2026-04-09,P006,?????,???,899.00,480.00,7868,940,789,104,52,52,46748.00,511.59,0,208,4.7
2026-04-10,P006,?????,???,899.00,480.00,8291,976,813,107,56,56,50344.00,546.83,0,152,4.6
2026-04-11,P006,?????,???,899.00,480.00,8639,999,788,101,48,49,44051.00,544.54,0,103,4.6
2026-04-12,P006,?????,???,899.00,480.00,8890,1017,751,98,47,47,42253.00,549.24,0,56,4.6
2026-04-13,P006,?????,???,899.00,480.00,8815,1021,817,109,52,52,46748.00,521.59,0,4,4.6
2026-04-14,P006,?????,???,899.00,480.00,8820,982,720,98,49,49,44051.00,536.83,0,0,4.7
2026-04-15,P006,?????,???,899.00,480.00,8884,991,795,96,50,50,44950.00,541.42,0,0,4.6
2026-04-16,P006,?????,???,899.00,480.00,8871,1053,896,109,53,54,48546.00,555.49,0,0,4.6
2026-04-17,P006,?????,???,899.00,480.00,8621,985,818,112,58,58,52142.00,527.50,0,0,4.6
2026-04-18,P006,?????,???,899.00,480.00,8176,903,761,93,46,46,41354.00,512.85,0,0,4.7
2026-04-19,P006,?????,???,899.00,480.00,8136,914,690,93,43,43,38657.00,544.22,0,0,4.6
2026-04-20,P006,?????,???,899.00,480.00,7915,902,757,92,48,48,43152.00,509.63,0,0,4.7
2026-04-21,P006,?????,???,899.00,480.00,7930,904,727,92,47,48,43152.00,528.05,0,0,4.6
2026-04-22,P006,?????,???,899.00,480.00,7862,901,672,85,44,44,39556.00,537.61,1,0,4.6
2026-04-23,P006,?????,???,899.00,480.00,8435,950,792,94,44,44,39556.00,525.90,0,0,4.7
2026-04-24,P006,?????,???,899.00,480.00,8691,1014,792,98,46,46,41354.00,540.63,0,0,4.7
2026-04-25,P006,?????,???,899.00,480.00,8917,972,712,90,44,44,39556.00,527.81,0,0,4.6
2026-04-26,P006,?????,???,899.00,480.00,8942,979,722,89,43,44,39556.00,531.55,0,0,4.7
2026-04-27,P006,?????,???,899.00,480.00,9407,1124,837,99,51,51,45849.00,544.86,0,0,4.6
2026-04-28,P006,?????,???,899.00,480.00,9318,1082,835,111,56,56,50344.00,537.69,0,0,4.6
2026-04-29,P006,?????,???,899.00,480.00,9090,1054,811,107,50,50,44950.00,553.12,0,0,4.7
2026-04-30,P006,?????,???,899.00,480.00,8853,1032,814,107,51,51,45849.00,532.74,0,350,4.6
2026-05-01,P006,?????,???,899.00,480.00,8714,1000,764,95,47,48,43152.00,540.59,0,302,4.6
2026-05-02,P006,?????,???,899.00,480.00,8295,948,808,110,57,57,51243.00,543.70,0,245,4.6
2026-05-03,P006,?????,???,899.00,480.00,8256,915,779,98,50,50,44950.00,519.57,0,195,4.6
2026-05-04,P006,?????,???,899.00,480.00,7991,929,696,91,43,43,38657.00,529.03,0,152,4.7
2026-05-05,P006,?????,???,899.00,480.00,8339,985,804,104,51,51,45849.00,528.66,0,101,4.7
2026-05-06,P006,?????,???,899.00,480.00,8241,959,722,86,42,43,38657.00,541.95,0,58,4.7
2026-05-07,P006,?????,???,899.00,480.00,8527,1007,760,104,51,51,45849.00,517.45,0,7,4.6
2026-05-08,P006,?????,???,899.00,480.00,8945,1076,890,115,60,60,53940.00,554.52,0,0,4.6
2026-05-09,P006,?????,???,899.00,480.00,9194,1048,766,104,52,52,46748.00,532.79,1,0,4.6
2026-05-10,P006,?????,???,899.00,480.00,9424,1089,816,102,50,50,44950.00,542.22,0,0,4.6
2026-05-11,P006,?????,???,899.00,480.00,9299,1082,914,124,61,62,55738.00,531.18,0,0,4.7
2026-05-12,P006,?????,???,899.00,480.00,9703,1142,933,128,65,65,58435.00,562.58,0,0,4.7
2026-05-13,P006,?????,???,899.00,480.00,9579,1129,861,112,54,54,48546.00,564.62,0,0,4.6
2026-05-14,P006,?????,???,899.00,480.00,9262,1042,859,114,53,53,47647.00,530.45,0,0,4.6
2026-05-15,P006,?????,???,899.00,480.00,8909,1065,872,105,53,53,47647.00,548.71,0,0,4.6
2026-05-16,P006,?????,???,899.00,480.00,8545,979,716,90,42,43,38657.00,528.74,0,0,4.7
2026-05-17,P006,?????,???,899.00,480.00,8323,970,781,93,47,47,42253.00,523.18,0,0,4.6
2026-05-18,P006,?????,???,899.00,480.00,8151,982,759,95,45,45,40455.00,544.29,0,0,4.6
2026-05-19,P006,?????,???,899.00,480.00,8204,966,766,100,47,47,42253.00,511.75,0,0,4.7
2026-05-20,P006,?????,???,899.00,480.00,8333,934,712,93,47,47,42253.00,517.71,0,0,4.6
2026-05-21,P006,?????,???,899.00,480.00,8772,1027,869,112,53,54,48546.00,530.25,0,0,4.7
2026-05-22,P006,?????,???,899.00,480.00,9146,997,824,99,51,51,45849.00,559.17,0,0,4.6
2026-05-23,P006,?????,???,899.00,480.00,9390,1029,868,110,55,55,49445.00,540.61,0,0,4.6
2026-05-24,P006,?????,???,899.00,480.00,9742,1112,932,119,60,60,53940.00,565.05,0,0,4.6
2026-05-25,P006,?????,???,899.00,480.00,9692,1141,939,114,57,57,51243.00,568.38,0,0,4.6
2026-05-26,P006,?????,???,899.00,480.00,9719,1151,948,126,58,59,53041.00,549.99,1,0,4.6
2026-05-27,P006,?????,???,899.00,480.00,9704,1063,841,105,54,54,48546.00,563.96,0,0,4.6
2026-05-28,P006,?????,???,899.00,480.00,9425,1094,799,100,46,46,41354.00,548.89,0,0,4.6
2026-05-29,P006,?????,???,899.00,480.00,9325,1039,879,119,55,55,49445.00,532.72,0,0,4.7
2026-05-30,P006,?????,???,899.00,480.00,9099,1061,775,93,49,49,44051.00,541.98,0,350,4.6
2026-05-31,P006,?????,???,899.00,480.00,8615,952,811,96,47,48,43152.00,551.65,0,302,4.6
2026-06-01,P006,?????,???,899.00,480.00,8515,975,834,112,56,56,50344.00,521.56,0,246,4.6
2026-06-02,P006,?????,???,899.00,480.00,8603,1030,884,115,57,57,51243.00,528.97,0,189,4.6
2026-06-03,P006,?????,???,899.00,480.00,8778,963,742,94,46,46,41354.00,542.25,0,143,4.6
2026-06-04,P006,?????,???,899.00,480.00,8970,1063,835,100,46,46,41354.00,557.10,0,97,4.6
2026-06-05,P006,?????,???,899.00,480.00,9264,1074,907,121,58,59,53041.00,531.32,0,38,4.7
2026-06-06,P006,?????,???,899.00,480.00,9697,1076,870,112,52,52,46748.00,566.51,0,0,4.6
2026-06-07,P006,?????,???,899.00,480.00,10065,1122,911,121,62,62,55738.00,553.10,0,0,4.7
2026-06-08,P006,?????,???,899.00,480.00,10089,1161,849,104,49,49,44051.00,571.09,0,0,4.6
2026-06-09,P006,?????,???,899.00,480.00,10106,1205,924,126,61,61,54839.00,572.43,0,0,4.6
2026-06-10,P006,?????,???,899.00,480.00,9963,1152,859,118,59,60,53940.00,552.66,0,0,4.6
2026-06-11,P006,?????,???,899.00,480.00,9902,1090,884,108,52,52,46748.00,567.57,0,0,4.7
2026-06-12,P006,?????,???,899.00,480.00,9492,1049,868,120,59,59,53041.00,533.42,1,0,4.6
2026-06-13,P006,?????,???,899.00,480.00,9399,1105,869,117,58,58,52142.00,539.80,0,0,4.7
2026-06-14,P006,?????,???,899.00,480.00,9090,1049,884,112,55,55,49445.00,557.68,0,0,4.7
2026-06-15,P006,?????,???,899.00,480.00,8675,1026,790,98,45,46,41354.00,549.50,0,0,4.7
2026-06-16,P006,?????,???,899.00,480.00,8849,1049,877,109,54,54,48546.00,531.35,0,0,4.6
2026-06-17,P006,?????,???,899.00,480.00,9087,1046,772,103,47,47,42253.00,546.69,0,0,4.6
2026-06-18,P006,?????,???,899.00,480.00,9381,1085,882,112,53,53,47647.00,539.31,0,0,4.6
2026-06-19,P006,?????,???,899.00,480.00,9610,1088,924,117,61,61,54839.00,569.98,0,0,4.6
2026-06-20,P006,?????,???,899.00,480.00,10036,1198,920,120,57,58,52142.00,562.05,0,0,4.7
2026-06-21,P006,?????,???,899.00,480.00,10224,1179,869,115,58,58,52142.00,558.17,0,0,4.6
2026-06-22,P006,?????,???,899.00,480.00,10394,1206,915,126,62,62,55738.00,563.30,0,0,4.6
2026-06-23,P006,?????,???,899.00,480.00,10475,1197,969,118,61,61,54839.00,576.47,0,0,4.6
2026-06-24,P006,?????,???,899.00,480.00,10315,1147,931,117,61,61,54839.00,578.54,0,0,4.7
2026-06-25,P006,?????,???,899.00,480.00,10003,1194,911,125,58,59,53041.00,550.29,0,0,4.7
2026-06-26,P006,?????,???,899.00,480.00,9707,1135,926,124,63,63,56637.00,546.54,0,0,4.6
2026-06-27,P006,?????,???,899.00,480.00,9360,1110,865,118,60,60,53940.00,557.14,0,0,4.6
2026-06-28,P006,?????,???,899.00,480.00,9308,1062,871,120,57,57,51243.00,533.60,0,0,4.6
2026-06-29,P006,?????,???,899.00,480.00,9078,1046,897,111,53,53,47647.00,547.27,1,0,4.7
2026-04-01,P007,?????,???,499.00,240.00,8877,1089,831,80,43,43,21457.00,573.24,0,697,4.6
2026-04-02,P007,?????,???,499.00,240.00,8778,1031,775,84,45,45,22455.00,547.83,0,652,4.6
2026-04-03,P007,?????,???,499.00,240.00,8373,954,688,72,38,38,18962.00,554.25,0,614,4.6
2026-04-04,P007,?????,???,499.00,240.00,7886,908,697,78,40,40,19960.00,540.00,0,574,4.6
2026-04-05,P007,?????,???,499.00,240.00,7759,896,702,70,34,35,17465.00,544.68,0,539,4.7
2026-04-06,P007,?????,???,499.00,240.00,7965,900,741,81,41,41,20459.00,529.42,0,498,4.6
2026-04-07,P007,?????,???,499.00,240.00,8180,998,826,85,43,43,21457.00,560.97,0,455,4.7
2026-04-08,P007,?????,???,499.00,240.00,8378,948,696,77,41,41,20459.00,557.86,0,414,4.6
2026-04-09,P007,?????,???,499.00,240.00,8544,952,730,78,41,41,20459.00,544.68,0,373,4.6
2026-04-10,P007,?????,???,499.00,240.00,9144,1040,837,95,46,47,23453.00,581.80,0,326,4.6
2026-04-11,P007,?????,???,499.00,240.00,9167,1093,925,93,46,46,22954.00,562.15,0,280,4.6
2026-04-12,P007,?????,???,499.00,240.00,9287,1105,891,93,50,50,24950.00,588.22,0,230,4.7
2026-04-13,P007,?????,???,499.00,240.00,9313,1067,887,92,49,49,24451.00,557.57,0,181,4.7
2026-04-14,P007,?????,???,499.00,240.00,9220,1027,803,79,40,40,19960.00,579.53,0,141,4.7
2026-04-15,P007,?????,???,499.00,240.00,8897,994,780,78,40,41,20459.00,552.72,0,100,4.5
2026-04-16,P007,?????,???,499.00,240.00,8829,1001,747,75,36,36,17964.00,561.33,1,64,4.5
2026-04-17,P007,?????,???,499.00,240.00,8480,998,843,82,40,40,19960.00,552.83,0,24,4.6
2026-04-18,P007,?????,???,499.00,240.00,8172,953,731,78,41,41,20459.00,561.83,0,0,4.7
2026-04-19,P007,?????,???,499.00,240.00,8364,932,734,73,35,35,17465.00,561.10,0,0,4.7
2026-04-20,P007,?????,???,499.00,240.00,8101,935,803,90,48,49,24451.00,558.95,0,0,4.6
2026-04-21,P007,?????,???,499.00,240.00,8599,1026,778,79,40,40,19960.00,542.75,0,0,4.6
2026-04-22,P007,?????,???,499.00,240.00,8571,1043,835,82,44,44,21956.00,567.85,0,0,4.6
2026-04-23,P007,?????,???,499.00,240.00,8866,1054,799,79,42,42,20958.00,553.06,0,0,4.7
2026-04-24,P007,?????,???,499.00,240.00,9368,1134,897,90,48,48,23952.00,582.26,0,0,4.6
2026-04-25,P007,?????,???,499.00,240.00,9337,1043,859,89,44,45,22455.00,585.47,0,0,4.6
2026-04-26,P007,?????,???,499.00,240.00,9571,1132,959,98,47,47,23453.00,564.06,0,0,4.6
2026-04-27,P007,?????,???,499.00,240.00,9475,1164,850,92,49,49,24451.00,574.65,0,0,4.7
2026-04-28,P007,?????,???,499.00,240.00,9548,1112,800,80,39,39,19461.00,566.44,0,0,4.5
2026-04-29,P007,?????,???,499.00,240.00,9416,1080,847,85,46,46,22954.00,557.21,0,0,4.6
2026-04-30,P007,?????,???,499.00,240.00,9135,1046,793,88,47,48,23952.00,575.23,0,368,4.6
2026-05-01,P007,?????,???,499.00,240.00,8985,1100,806,92,48,48,23952.00,565.38,0,320,4.6
2026-05-02,P007,?????,???,499.00,240.00,8693,1034,761,78,39,39,19461.00,571.13,0,281,4.6
2026-05-03,P007,?????,???,499.00,240.00,8625,963,729,71,38,38,18962.00,541.55,1,243,4.6
2026-05-04,P007,?????,???,499.00,240.00,8393,931,727,76,39,39,19461.00,560.23,0,204,4.6
2026-05-05,P007,?????,???,499.00,240.00,8524,1004,792,88,48,49,24451.00,550.08,0,155,4.6
2026-05-06,P007,?????,???,499.00,240.00,8704,992,764,78,40,40,19960.00,549.04,0,115,4.6
2026-05-07,P007,?????,???,499.00,240.00,9156,1027,863,92,48,48,23952.00,584.88,0,67,4.5
2026-05-08,P007,?????,???,499.00,240.00,9680,1121,842,94,47,47,23453.00,562.42,0,20,4.6
2026-05-09,P007,?????,???,499.00,240.00,9802,1138,959,94,50,50,24950.00,589.48,0,0,4.7
2026-05-10,P007,?????,???,499.00,240.00,9765,1196,883,94,47,48,23952.00,567.66,0,0,4.7
2026-05-11,P007,?????,???,499.00,240.00,9970,1112,916,90,46,46,22954.00,593.42,0,0,4.6
2026-05-12,P007,?????,???,499.00,240.00,9940,1151,845,87,42,42,20958.00,576.76,0,0,4.7
2026-05-13,P007,?????,???,499.00,240.00,9475,1108,806,86,45,45,22455.00,558.71,0,0,4.6
2026-05-14,P007,?????,???,499.00,240.00,9532,1087,826,90,49,49,24451.00,565.57,0,0,4.6
2026-05-15,P007,?????,???,499.00,240.00,9265,1053,899,97,52,53,26447.00,570.67,0,0,4.7
2026-05-16,P007,?????,???,499.00,240.00,9043,1076,876,89,44,44,21956.00,567.71,0,0,4.6
2026-05-17,P007,?????,???,499.00,240.00,8810,981,825,84,45,45,22455.00,576.96,0,0,4.6
2026-05-18,P007,?????,???,499.00,240.00,8642,1007,824,83,45,45,22455.00,563.40,0,0,4.7
2026-05-19,P007,?????,???,499.00,240.00,9058,1014,767,74,36,36,17964.00,583.53,0,0,4.6
2026-05-20,P007,?????,???,499.00,240.00,9276,1049,779,81,42,43,21457.00,571.02,1,0,4.6
2026-05-21,P007,?????,???,499.00,240.00,9580,1074,894,95,46,46,22954.00,586.83,0,0,4.5
2026-05-22,P007,?????,???,499.00,240.00,9671,1107,898,102,52,52,25948.00,595.39,0,0,4.7
2026-05-23,P007,?????,???,499.00,240.00,10058,1159,861,95,50,50,24950.00,594.34,0,0,4.5
2026-05-24,P007,?????,???,499.00,240.00,9989,1137,941,90,47,47,23453.00,568.24,0,0,4.6
2026-05-25,P007,?????,???,499.00,240.00,10222,1211,1010,103,50,51,25449.00,605.98,0,0,4.6
2026-05-26,P007,?????,???,499.00,240.00,10222,1195,887,88,48,48,23952.00,596.62,0,0,4.6
2026-05-27,P007,?????,???,499.00,240.00,9969,1158,932,90,49,49,24451.00,578.88,0,0,4.7
2026-05-28,P007,?????,???,499.00,240.00,9405,1145,908,90,49,49,24451.00,564.24,0,0,4.6
2026-05-29,P007,?????,???,499.00,240.00,9361,1129,945,104,57,57,28443.00,570.02,0,0,4.6
2026-05-30,P007,?????,???,499.00,240.00,8998,1080,849,94,46,47,23453.00,574.90,0,368,4.6
2026-05-31,P007,?????,???,499.00,240.00,9016,1068,902,90,48,48,23952.00,583.16,0,320,4.7
2026-06-01,P007,?????,???,499.00,240.00,8929,1093,841,92,44,44,21956.00,565.07,0,276,4.7
2026-06-02,P007,?????,???,499.00,240.00,8947,1098,860,88,47,47,23453.00,572.17,0,229,4.7
2026-06-03,P007,?????,???,499.00,240.00,9269,1034,790,84,42,42,20958.00,563.40,0,187,4.5
2026-06-04,P007,?????,???,499.00,240.00,9859,1124,955,103,50,51,25449.00,567.03,0,136,4.7
2026-06-05,P007,?????,???,499.00,240.00,9943,1216,956,99,49,49,24451.00,573.47,0,87,4.6
2026-06-06,P007,?????,???,499.00,240.00,10357,1207,1000,105,51,51,25449.00,603.56,1,36,4.6
2026-06-07,P007,?????,???,499.00,240.00,10423,1185,1012,113,57,57,28443.00,576.71,0,0,4.6
2026-06-08,P007,?????,???,499.00,240.00,10375,1245,962,95,50,50,24950.00,595.77,0,0,4.6
2026-06-09,P007,?????,???,499.00,240.00,10114,1148,881,85,46,47,23453.00,592.36,0,0,4.6
2026-06-10,P007,?????,???,499.00,240.00,10001,1198,864,97,51,51,25449.00,581.61,0,0,4.6
2026-06-11,P007,?????,???,499.00,240.00,9827,1191,904,93,48,48,23952.00,577.15,0,0,4.6
2026-06-12,P007,?????,???,499.00,240.00,9564,1118,824,89,43,43,21457.00,568.53,0,0,4.6
2026-06-13,P007,?????,???,499.00,240.00,9358,1120,818,88,44,44,21956.00,586.37,0,0,4.6
2026-06-14,P007,?????,???,499.00,240.00,9057,1106,917,88,47,48,23952.00,576.30,0,0,4.6
2026-06-15,P007,?????,???,499.00,240.00,9139,1047,816,89,47,47,23453.00,575.86,0,0,4.7
2026-06-16,P007,?????,???,499.00,240.00,9573,1071,846,87,43,43,21457.00,576.75,0,0,4.6
2026-06-17,P007,?????,???,499.00,240.00,9508,1131,898,92,50,50,24950.00,562.68,0,0,4.7
2026-06-18,P007,?????,???,499.00,240.00,9998,1160,918,100,53,53,26447.00,598.24,0,0,4.6
2026-06-19,P007,?????,???,499.00,240.00,10259,1215,1028,105,58,59,29441.00,580.03,0,0,4.6
2026-06-20,P007,?????,???,499.00,240.00,10390,1248,954,100,49,49,24451.00,607.11,0,0,4.6
2026-06-21,P007,?????,???,499.00,240.00,10565,1273,990,94,49,49,24451.00,589.37,0,0,4.6
2026-06-22,P007,?????,???,499.00,240.00,10710,1253,903,92,44,44,21956.00,599.75,0,0,4.6
2026-06-23,P007,?????,???,499.00,240.00,10334,1236,1031,105,54,54,26946.00,605.07,1,0,4.7
2026-06-24,P007,?????,???,499.00,240.00,10127,1162,892,96,47,48,23952.00,600.09,0,0,4.6
2026-06-25,P007,?????,???,499.00,240.00,10102,1154,957,98,47,47,23453.00,598.07,0,0,4.6
2026-06-26,P007,?????,???,499.00,240.00,9837,1161,895,97,48,48,23952.00,588.10,0,0,4.7
2026-06-27,P007,?????,???,499.00,240.00,9603,1160,905,95,50,50,24950.00,586.75,0,0,4.6
2026-06-28,P007,?????,???,499.00,240.00,9581,1166,881,98,53,53,26447.00,559.02,0,0,4.7
2026-06-29,P007,?????,???,499.00,240.00,9726,1171,929,93,49,50,24950.00,591.83,0,0,4.6
2026-04-01,P008,?????,???,629.00,310.00,9029,1101,861,106,58,58,36482.00,599.66,0,642,4.6
2026-04-02,P008,?????,???,629.00,310.00,8752,1032,756,90,50,50,31450.00,568.51,0,592,4.6
2026-04-03,P008,?????,???,629.00,310.00,8642,1077,870,96,51,51,32079.00,574.82,0,541,4.6
2026-04-04,P008,?????,???,629.00,310.00,8221,1020,812,87,46,47,29563.00,560.06,0,494,4.6
2026-04-05,P008,?????,???,629.00,310.00,8506,981,777,83,44,44,27676.00,566.21,0,450,4.6
2026-04-06,P008,?????,???,629.00,310.00,8686,1024,783,96,53,53,33337.00,602.10,0,397,4.6
2026-04-07,P008,?????,???,629.00,310.00,8642,1006,814,87,47,47,29563.00,578.21,0,350,4.6
2026-04-08,P008,?????,???,629.00,310.00,9137,1053,851,95,52,52,32708.00,597.59,0,298,4.5
2026-04-09,P008,?????,???,629.00,310.00,9238,1135,852,97,53,54,33966.00,584.97,0,244,4.6
2026-04-10,P008,?????,???,629.00,310.00,9759,1147,836,90,51,51,32079.00,615.61,1,193,4.6
2026-04-11,P008,?????,???,629.00,310.00,9822,1136,942,106,56,56,35224.00,601.20,0,137,4.5
2026-04-12,P008,?????,???,629.00,310.00,9829,1198,941,117,60,60,37740.00,602.81,0,77,4.7
2026-04-13,P008,?????,???,629.00,310.00,9694,1188,857,104,57,57,35853.00,607.40,0,20,4.6
2026-04-14,P008,?????,???,629.00,310.00,9570,1121,884,96,49,50,31450.00,599.44,0,0,4.5
2026-04-15,P008,?????,???,629.00,310.00,9322,1067,824,104,54,54,33966.00,582.64,0,0,4.6
2026-04-16,P008,?????,???,629.00,310.00,9039,1043,848,104,53,53,33337.00,607.84,0,0,4.6
2026-04-17,P008,?????,???,629.00,310.00,8922,1037,778,84,46,46,28934.00,571.75,0,0,4.6
2026-04-18,P008,?????,???,629.00,310.00,8642,977,790,88,45,45,28305.00,570.54,0,0,4.6
2026-04-19,P008,?????,???,629.00,310.00,8817,1024,737,82,44,45,28305.00,573.44,0,0,4.6
2026-04-20,P008,?????,???,629.00,310.00,8808,1033,813,103,55,55,34595.00,601.28,0,0,4.6
2026-04-21,P008,?????,???,629.00,310.00,8802,1064,896,108,60,60,37740.00,604.06,0,0,4.6
2026-04-22,P008,?????,???,629.00,310.00,9135,1053,783,86,49,49,30821.00,595.51,0,0,4.6
2026-04-23,P008,?????,???,629.00,310.00,9683,1128,946,117,61,61,38369.00,584.80,0,0,4.7
2026-04-24,P008,?????,???,629.00,310.00,10000,1221,890,98,52,53,33337.00,601.32,0,0,4.6
2026-04-25,P008,?????,???,629.00,310.00,9877,1232,888,100,52,52,32708.00,617.61,0,0,4.5
2026-04-26,P008,?????,???,629.00,310.00,10125,1172,863,93,51,51,32079.00,598.79,0,0,4.6
2026-04-27,P008,?????,???,629.00,310.00,10043,1168,843,102,56,56,35224.00,591.64,1,0,4.6
2026-04-28,P008,?????,???,629.00,310.00,9591,1135,867,109,59,59,37111.00,590.16,0,0,4.6
2026-04-29,P008,?????,???,629.00,310.00,9310,1095,920,105,57,58,36482.00,581.58,0,0,4.6
2026-04-30,P008,?????,???,629.00,310.00,9350,1063,783,94,53,53,33337.00,587.38,0,386,4.5
2026-05-01,P008,?????,???,629.00,310.00,8827,1084,796,99,54,54,33966.00,597.28,0,332,4.6
2026-05-02,P008,?????,???,629.00,310.00,9003,1060,902,108,55,55,34595.00,581.38,0,277,4.7
2026-05-03,P008,?????,???,629.00,310.00,8993,1105,919,113,60,60,37740.00,574.92,0,217,4.6
2026-05-04,P008,?????,???,629.00,310.00,9103,1079,802,86,47,48,30192.00,590.50,0,169,4.5
2026-05-05,P008,?????,???,629.00,310.00,9107,1032,876,105,55,55,34595.00,607.99,0,114,4.6
2026-05-06,P008,?????,???,629.00,310.00,9566,1105,868,108,58,58,36482.00,584.05,0,56,4.6
2026-05-07,P008,?????,???,629.00,310.00,9899,1226,887,97,53,53,33337.00,599.45,0,3,4.6
2026-05-08,P008,?????,???,629.00,310.00,10241,1192,944,119,60,60,37740.00,601.38,0,0,4.6
2026-05-09,P008,?????,???,629.00,310.00,10166,1211,1024,125,65,66,41514.00,617.93,0,0,4.5
2026-05-10,P008,?????,???,629.00,310.00,10208,1157,878,98,51,51,32079.00,604.65,0,0,4.7
2026-05-11,P008,?????,???,629.00,310.00,10375,1219,993,122,66,66,41514.00,616.79,0,0,4.6
2026-05-12,P008,?????,???,629.00,310.00,9960,1149,843,106,58,58,36482.00,605.65,0,0,4.5
2026-05-13,P008,?????,???,629.00,310.00,9618,1146,849,103,56,56,35224.00,588.45,0,0,4.6
2026-05-14,P008,?????,???,629.00,310.00,9219,1109,891,98,51,52,32708.00,600.34,1,0,4.7
2026-05-15,P008,?????,???,629.00,310.00,9048,1126,810,95,51,51,32079.00,581.37,0,0,4.5
2026-05-16,P008,?????,???,629.00,310.00,9076,1108,943,114,60,60,37740.00,591.56,0,0,4.6
2026-05-17,P008,?????,???,629.00,310.00,9119,1135,877,101,58,58,36482.00,578.35,0,0,4.6
2026-05-18,P008,?????,???,629.00,310.00,9365,1058,906,98,51,51,32079.00,591.32,0,0,4.5
2026-05-19,P008,?????,???,629.00,310.00,9673,1180,852,102,55,56,35224.00,596.91,0,0,4.6
2026-05-20,P008,?????,???,629.00,310.00,9883,1141,933,112,60,60,37740.00,608.57,0,0,4.6
2026-05-21,P008,?????,???,629.00,310.00,9997,1197,868,107,60,60,37740.00,609.86,0,0,4.5
2026-05-22,P008,?????,???,629.00,310.00,10550,1308,1012,111,61,61,38369.00,620.04,0,0,4.6
2026-05-23,P008,?????,???,629.00,310.00,10549,1241,922,104,56,56,35224.00,607.35,0,0,4.6
2026-05-24,P008,?????,???,629.00,310.00,10587,1254,914,99,57,58,36482.00,610.19,0,0,4.7
2026-05-25,P008,?????,???,629.00,310.00,10376,1223,929,106,59,59,37111.00,621.99,0,0,4.6
2026-05-26,P008,?????,???,629.00,310.00,10047,1198,967,111,58,58,36482.00,592.99,0,0,4.6
2026-05-27,P008,?????,???,629.00,310.00,9927,1128,819,98,53,53,33337.00,593.73,0,0,4.6
2026-05-28,P008,?????,???,629.00,310.00,9859,1167,884,111,57,57,35853.00,593.06,0,0,4.6
2026-05-29,P008,?????,???,629.00,310.00,9541,1087,825,96,49,50,31450.00,615.65,0,0,4.6
2026-05-30,P008,?????,???,629.00,310.00,9299,1104,846,97,49,49,30821.00,601.74,0,386,4.6
2026-05-31,P008,?????,???,629.00,310.00,9492,1130,919,111,57,57,35853.00,610.96,1,329,4.5
2026-06-01,P008,?????,???,629.00,310.00,9401,1072,801,89,50,50,31450.00,584.22,0,279,4.6
2026-06-02,P008,?????,???,629.00,310.00,9873,1143,926,112,63,63,39627.00,600.03,0,216,4.7
2026-06-03,P008,?????,???,629.00,310.00,9896,1152,876,93,53,54,33966.00,591.27,0,162,4.6
2026-06-04,P008,?????,???,629.00,310.00,10369,1182,1000,120,66,66,41514.00,605.84,0,96,4.6
2026-06-05,P008,?????,???,629.00,310.00,10601,1203,984,105,57,57,35853.00,605.08,0,39,4.6
2026-06-06,P008,?????,???,629.00,310.00,10846,1330,1105,137,75,75,47175.00,610.63,0,0,4.6
2026-06-07,P008,?????,???,629.00,310.00,10613,1225,945,106,60,60,37740.00,615.60,0,0,4.7
2026-06-08,P008,?????,???,629.00,310.00,10675,1255,987,119,64,65,40885.00,608.09,0,0,4.5
2026-06-09,P008,?????,???,629.00,310.00,10471,1262,959,111,56,56,35224.00,617.57,0,0,4.6
2026-06-10,P008,?????,???,629.00,310.00,10056,1238,1015,115,62,62,38998.00,623.45,0,0,4.6
2026-06-11,P008,?????,???,629.00,310.00,10138,1152,909,111,60,60,37740.00,608.23,0,0,4.6
2026-06-12,P008,?????,???,629.00,310.00,9613,1115,843,96,51,51,32079.00,611.59,0,0,4.6
2026-06-13,P008,?????,???,629.00,310.00,9716,1188,895,103,58,59,37111.00,603.74,0,0,4.7
2026-06-14,P008,?????,???,629.00,310.00,9763,1115,820,100,53,53,33337.00,599.31,0,0,4.6
2026-06-15,P008,?????,???,629.00,310.00,9898,1165,860,98,51,51,32079.00,623.79,0,0,4.7
2026-06-16,P008,?????,???,629.00,310.00,9968,1207,1022,122,62,62,38998.00,613.05,0,0,4.6
2026-06-17,P008,?????,???,629.00,310.00,10145,1198,877,105,58,58,36482.00,613.01,1,0,4.6
2026-06-18,P008,?????,???,629.00,310.00,10683,1335,963,116,65,66,41514.00,620.63,0,0,4.6
2026-06-19,P008,?????,???,629.00,310.00,10759,1219,896,97,51,51,32079.00,630.58,0,0,4.6
2026-06-20,P008,?????,???,629.00,310.00,10804,1308,1021,119,67,67,42143.00,627.23,0,0,4.6
2026-06-21,P008,?????,???,629.00,310.00,11096,1303,984,107,59,59,37111.00,640.07,0,0,4.6
2026-06-22,P008,?????,???,629.00,310.00,10801,1290,1018,117,65,65,40885.00,605.91,0,0,4.6
2026-06-23,P008,?????,???,629.00,310.00,10668,1246,1031,112,58,59,37111.00,626.42,0,0,4.5
2026-06-24,P008,?????,???,629.00,310.00,10395,1250,920,101,54,54,33966.00,631.61,0,0,4.5
2026-06-25,P008,?????,???,629.00,310.00,10129,1155,924,111,62,62,38998.00,625.19,0,0,4.7
2026-06-26,P008,?????,???,629.00,310.00,10078,1163,990,118,60,60,37740.00,593.70,0,0,4.6
2026-06-27,P008,?????,???,629.00,310.00,9811,1130,903,113,61,61,38369.00,593.67,0,0,4.7
2026-06-28,P008,?????,???,629.00,310.00,9865,1116,945,102,58,59,37111.00,600.63,0,0,4.6
2026-06-29,P008,?????,???,629.00,310.00,9886,1193,918,103,56,56,35224.00,605.78,0,0,4.6
2026-04-01,P009,?????,???,299.00,120.00,9167,1066,885,120,56,56,16744.00,617.48,0,864,4.5
2026-04-02,P009,?????,???,299.00,120.00,8973,1091,800,110,53,53,15847.00,601.81,0,811,4.6
2026-04-03,P009,?????,???,299.00,120.00,8748,1044,795,101,46,47,14053.00,603.67,0,764,4.6
2026-04-04,P009,?????,???,299.00,120.00,8521,1054,784,94,44,44,13156.00,605.33,1,720,4.6
2026-04-05,P009,?????,???,299.00,120.00,8944,1046,867,116,57,57,17043.00,610.42,0,663,4.5
2026-04-06,P009,?????,???,299.00,120.00,9303,1086,921,109,47,47,14053.00,603.85,0,616,4.6
2026-04-07,P009,?????,???,299.00,120.00,9404,1192,927,118,58,58,17342.00,635.15,0,558,4.6
2026-04-08,P009,?????,???,299.00,120.00,9536,1156,975,133,65,66,19734.00,636.23,0,492,4.5
2026-04-09,P009,?????,???,299.00,120.00,10021,1258,945,116,54,54,16146.00,642.75,0,438,4.6
2026-04-10,P009,?????,???,299.00,120.00,9998,1180,992,124,56,56,16744.00,641.58,0,382,4.5
2026-04-11,P009,?????,???,299.00,120.00,10028,1231,1043,135,60,60,17940.00,626.49,0,322,4.6
2026-04-12,P009,?????,???,299.00,120.00,9901,1144,867,114,55,55,16445.00,639.47,0,267,4.6
2026-04-13,P009,?????,???,299.00,120.00,9981,1242,1001,126,55,56,16744.00,623.10,0,211,4.6
2026-04-14,P009,?????,???,299.00,120.00,9696,1199,869,119,54,54,16146.00,619.39,0,157,4.6
2026-04-15,P009,?????,???,299.00,120.00,9188,1110,808,96,44,44,13156.00,621.33,0,113,4.6
2026-04-16,P009,?????,???,299.00,120.00,9115,1068,784,99,45,45,13455.00,627.82,0,68,4.6
2026-04-17,P009,?????,???,299.00,120.00,9168,1114,908,119,52,52,15548.00,624.28,0,16,4.5
2026-04-18,P009,?????,???,299.00,120.00,9115,1129,895,110,52,53,15847.00,629.29,0,0,4.6
2026-04-19,P009,?????,???,299.00,120.00,9174,1161,897,124,55,55,16445.00,608.93,0,0,4.6
2026-04-20,P009,?????,???,299.00,120.00,9452,1118,866,106,48,48,14352.00,626.29,0,0,4.6
2026-04-21,P009,?????,???,299.00,120.00,9696,1116,874,104,48,48,14352.00,643.97,1,0,4.6
2026-04-22,P009,?????,???,299.00,120.00,10092,1211,986,130,63,63,18837.00,637.10,0,0,4.5
2026-04-23,P009,?????,???,299.00,120.00,10191,1291,1069,138,62,63,18837.00,642.79,0,0,4.6
2026-04-24,P009,?????,???,299.00,120.00,10254,1266,1016,124,61,61,18239.00,630.70,0,0,4.6
2026-04-25,P009,?????,???,299.00,120.00,10467,1238,892,118,55,55,16445.00,630.29,0,0,4.5
2026-04-26,P009,?????,???,299.00,120.00,10094,1180,855,113,54,54,16146.00,627.76,0,0,4.6
2026-04-27,P009,?????,???,299.00,120.00,10211,1192,1022,124,59,59,17641.00,650.40,0,0,4.5
2026-04-28,P009,?????,???,299.00,120.00,10005,1219,983,126,62,63,18837.00,626.52,0,0,4.5
2026-04-29,P009,?????,???,299.00,120.00,9708,1230,952,114,52,52,15548.00,644.06,0,0,4.6
2026-04-30,P009,?????,???,299.00,120.00,9383,1102,924,114,54,54,16146.00,616.09,0,404,4.5
2026-05-01,P009,?????,???,299.00,120.00,9371,1109,894,106,52,52,15548.00,613.32,0,352,4.6
2026-05-02,P009,?????,???,299.00,120.00,9090,1143,836,101,44,44,13156.00,606.16,0,308,4.5
2026-05-03,P009,?????,???,299.00,120.00,9317,1159,970,129,64,65,19435.00,616.68,0,243,4.5
2026-05-04,P009,?????,???,299.00,120.00,9463,1147,944,114,50,50,14950.00,633.84,0,193,4.6
2026-05-05,P009,?????,???,299.00,120.00,9780,1173,997,137,61,61,18239.00,634.16,0,132,4.6
2026-05-06,P009,?????,???,299.00,120.00,10134,1240,917,112,51,51,15249.00,649.23,0,81,4.6
2026-05-07,P009,?????,???,299.00,120.00,10604,1259,1030,142,64,64,19136.00,635.32,0,17,4.5
2026-05-08,P009,?????,???,299.00,120.00,10590,1245,1050,139,70,71,21229.00,658.38,1,0,4.6
2026-05-09,P009,?????,???,299.00,120.00,10796,1370,996,136,60,60,17940.00,646.27,0,0,4.6
2026-05-10,P009,?????,???,299.00,120.00,10362,1194,940,129,62,62,18538.00,632.14,0,0,4.5
2026-05-11,P009,?????,???,299.00,120.00,10369,1282,941,117,56,56,16744.00,624.39,0,0,4.6
2026-05-12,P009,?????,???,299.00,120.00,10197,1220,1016,134,61,61,18239.00,626.49,0,0,4.6
2026-05-13,P009,?????,???,299.00,120.00,9678,1189,969,118,55,56,16744.00,626.35,0,0,4.6
2026-05-14,P009,?????,???,299.00,120.00,9597,1119,864,119,53,53,15847.00,617.46,0,0,4.5
2026-05-15,P009,?????,???,299.00,120.00,9422,1183,957,126,63,63,18837.00,620.32,0,0,4.5
2026-05-16,P009,?????,???,299.00,120.00,9633,1166,843,100,48,48,14352.00,621.20,0,0,4.5
2026-05-17,P009,?????,???,299.00,120.00,9446,1157,887,105,49,49,14651.00,618.68,0,0,4.5
2026-05-18,P009,?????,???,299.00,120.00,9963,1229,909,117,54,55,16445.00,638.71,0,0,4.5
2026-05-19,P009,?????,???,299.00,120.00,10395,1205,881,111,53,53,15847.00,637.71,0,0,4.6
2026-05-20,P009,?????,???,299.00,120.00,10416,1310,1021,126,60,60,17940.00,651.58,0,0,4.6
2026-05-21,P009,?????,???,299.00,120.00,10581,1246,1005,138,69,69,20631.00,629.34,0,0,4.5
2026-05-22,P009,?????,???,299.00,120.00,10835,1355,1090,148,68,68,20332.00,660.31,0,0,4.6
2026-05-23,P009,?????,???,299.00,120.00,10785,1336,1039,140,66,67,20033.00,646.61,0,0,4.5
2026-05-24,P009,?????,???,299.00,120.00,10821,1366,1021,135,61,61,18239.00,648.89,0,0,4.6
2026-05-25,P009,?????,???,299.00,120.00,10443,1220,960,121,58,58,17342.00,629.81,1,0,4.6
2026-05-26,P009,?????,???,299.00,120.00,10292,1254,932,119,58,58,17342.00,647.98,0,0,4.6
2026-05-27,P009,?????,???,299.00,120.00,10189,1223,935,117,53,53,15847.00,621.02,0,0,4.5
2026-05-28,P009,?????,???,299.00,120.00,9664,1162,906,119,55,56,16744.00,638.53,0,0,4.6
2026-05-29,P009,?????,???,299.00,120.00,9555,1107,818,103,45,45,13455.00,615.31,0,0,4.6
2026-05-30,P009,?????,???,299.00,120.00,9790,1177,970,129,60,60,17940.00,612.14,0,404,4.5
2026-05-31,P009,?????,???,299.00,120.00,10014,1189,896,114,53,53,15847.00,634.96,0,351,4.5
2026-06-01,P009,?????,???,299.00,120.00,10005,1264,968,124,57,57,17043.00,631.21,0,294,4.6
2026-06-02,P009,?????,???,299.00,120.00,10403,1317,971,133,59,60,17940.00,625.14,0,234,4.6
2026-06-03,P009,?????,???,299.00,120.00,10769,1254,1040,141,64,64,19136.00,635.72,0,170,4.6
2026-06-04,P009,?????,???,299.00,120.00,10858,1277,1013,139,60,60,17940.00,657.16,0,110,4.6
2026-06-05,P009,?????,???,299.00,120.00,11168,1307,979,117,55,55,16445.00,637.07,0,55,4.6
2026-06-06,P009,?????,???,299.00,120.00,11141,1389,1017,133,66,66,19734.00,666.43,0,0,4.6
2026-06-07,P009,?????,???,299.00,120.00,11012,1374,1048,137,66,67,20033.00,652.80,0,0,4.5
2026-06-08,P009,?????,???,299.00,120.00,10761,1278,966,115,52,52,15548.00,655.46,0,0,4.5
2026-06-09,P009,?????,???,299.00,120.00,10468,1207,983,120,54,54,16146.00,639.29,0,0,4.6
2026-06-10,P009,?????,???,299.00,120.00,10204,1190,1015,123,58,58,17342.00,628.95,0,0,4.6
2026-06-11,P009,?????,???,299.00,120.00,10164,1251,931,117,52,52,15548.00,650.22,1,0,4.6
2026-06-12,P009,?????,???,299.00,120.00,10157,1267,991,132,64,65,19435.00,623.64,0,0,4.6
2026-06-13,P009,?????,???,299.00,120.00,10209,1183,929,124,57,57,17043.00,640.97,0,0,4.5
2026-06-14,P009,?????,???,299.00,120.00,10270,1250,1021,141,63,63,18837.00,653.83,0,0,4.6
2026-06-15,P009,?????,???,299.00,120.00,10384,1263,965,121,54,54,16146.00,645.89,0,0,4.6
2026-06-16,P009,?????,???,299.00,120.00,10565,1278,959,120,55,55,16445.00,654.04,0,0,4.6
2026-06-17,P009,?????,???,299.00,120.00,11002,1279,956,129,64,65,19435.00,645.69,0,0,4.6
2026-06-18,P009,?????,???,299.00,120.00,11397,1416,1178,147,66,66,19734.00,667.99,0,0,4.6
2026-06-19,P009,?????,???,299.00,120.00,11508,1437,1136,140,65,65,19435.00,644.33,0,0,4.5
2026-06-20,P009,?????,???,299.00,120.00,11495,1365,1133,156,69,69,20631.00,668.47,0,0,4.6
2026-06-21,P009,?????,???,299.00,120.00,11134,1295,1057,128,57,57,17043.00,643.08,0,0,4.6
2026-06-22,P009,?????,???,299.00,120.00,11233,1349,1096,140,69,70,20930.00,670.64,0,0,4.5
2026-06-23,P009,?????,???,299.00,120.00,10787,1311,1067,130,63,63,18837.00,633.31,0,0,4.5
2026-06-24,P009,?????,???,299.00,120.00,10514,1212,945,122,56,56,16744.00,628.56,0,0,4.6
2026-06-25,P009,?????,???,299.00,120.00,10300,1263,979,132,62,62,18538.00,644.30,0,0,4.5
2026-06-26,P009,?????,???,299.00,120.00,10057,1166,936,126,55,55,16445.00,636.87,0,0,4.5
2026-06-27,P009,?????,???,299.00,120.00,10202,1294,968,122,55,56,16744.00,639.77,0,0,4.6
2026-06-28,P009,?????,???,299.00,120.00,10594,1325,1121,140,68,68,20332.00,647.52,1,0,4.6
2026-06-29,P009,?????,???,299.00,120.00,10447,1325,1042,142,62,62,18538.00,627.68,0,0,4.6
2026-04-01,P010,?????,???,199.00,70.00,9380,1155,986,98,49,49,9751.00,644.67,0,1001,4.6
2026-04-02,P010,?????,???,199.00,70.00,9277,1124,937,103,50,51,10149.00,634.55,0,950,4.6
2026-04-03,P010,?????,???,199.00,70.00,9332,1197,1009,103,53,53,10547.00,647.89,0,897,4.5
2026-04-04,P010,?????,???,199.00,70.00,9416,1132,937,102,48,48,9552.00,661.02,0,849,4.6
2026-04-05,P010,?????,???,199.00,70.00,9379,1114,907,92,45,45,8955.00,652.24,0,804,4.6
2026-04-06,P010,?????,???,199.00,70.00,9743,1186,951,93,49,49,9751.00,633.49,0,755,4.6
2026-04-07,P010,?????,???,199.00,70.00,10153,1249,916,92,43,44,8756.00,670.40,0,711,4.6
2026-04-08,P010,?????,???,199.00,70.00,10203,1237,1024,98,50,50,9950.00,670.74,0,661,4.5
2026-04-09,P010,?????,???,199.00,70.00,10293,1283,996,104,54,54,10746.00,668.79,0,607,4.6
2026-04-10,P010,?????,???,199.00,70.00,10373,1330,1008,114,56,56,11144.00,661.56,0,551,4.5
2026-04-11,P010,?????,???,199.00,70.00,10526,1235,903,91,43,43,8557.00,676.47,0,508,4.6
2026-04-12,P010,?????,???,199.00,70.00,10137,1186,908,87,40,41,8159.00,655.25,0,467,4.6
2026-04-13,P010,?????,???,199.00,70.00,9978,1257,946,96,44,44,8756.00,664.06,0,423,4.6
2026-04-14,P010,?????,???,199.00,70.00,9879,1156,888,86,42,42,8358.00,641.13,0,381,4.5
2026-04-15,P010,?????,???,199.00,70.00,9671,1147,829,86,42,42,8358.00,653.55,1,339,4.5
2026-04-16,P010,?????,???,199.00,70.00,9259,1176,985,106,48,48,9552.00,655.52,0,291,4.5
2026-04-17,P010,?????,???,199.00,70.00,9532,1221,1014,103,53,54,10746.00,658.45,0,237,4.6
2026-04-18,P010,?????,???,199.00,70.00,9451,1120,891,95,45,45,8955.00,660.30,0,192,4.6
2026-04-19,P010,?????,???,199.00,70.00,9963,1211,962,104,51,51,10149.00,667.21,0,141,4.5
2026-04-20,P010,?????,???,199.00,70.00,10254,1316,1121,112,54,54,10746.00,669.16,0,87,4.5
2026-04-21,P010,?????,???,199.00,70.00,10175,1235,986,109,55,55,10945.00,663.27,0,32,4.6
2026-04-22,P010,?????,???,199.00,70.00,10384,1264,956,94,47,48,9552.00,659.21,0,0,4.6
2026-04-23,P010,?????,???,199.00,70.00,10558,1267,1063,103,52,52,10348.00,658.56,0,0,4.6
2026-04-24,P010,?????,???,199.00,70.00,10957,1358,1010,113,59,59,11741.00,670.71,0,0,4.5
2026-04-25,P010,?????,???,199.00,70.00,10549,1279,1023,102,51,51,10149.00,675.09,0,0,4.5
2026-04-26,P010,?????,???,199.00,70.00,10454,1305,1067,102,51,51,10149.00,664.13,0,0,4.5
2026-04-27,P010,?????,???,199.00,70.00,10097,1253,1039,107,55,56,11144.00,674.92,0,0,4.6
2026-04-28,P010,?????,???,199.00,70.00,10030,1283,1021,116,61,61,12139.00,642.41,0,0,4.5
2026-04-29,P010,?????,???,199.00,70.00,9920,1270,1079,123,64,64,12736.00,652.33,0,0,4.5
2026-04-30,P010,?????,???,199.00,70.00,9787,1242,970,100,46,46,9154.00,654.14,0,422,4.5
2026-05-01,P010,?????,???,199.00,70.00,9422,1103,843,87,44,44,8756.00,634.74,0,378,4.6
2026-05-02,P010,?????,???,199.00,70.00,9556,1167,920,89,45,46,9154.00,664.60,1,332,4.5
2026-05-03,P010,?????,???,199.00,70.00,9907,1272,963,95,44,44,8756.00,649.38,0,288,4.6
2026-05-04,P010,?????,???,199.00,70.00,10129,1193,1005,107,56,56,11144.00,653.78,0,232,4.6
2026-05-05,P010,?????,???,199.00,70.00,10745,1384,1072,121,63,63,12537.00,682.32,0,169,4.6
2026-05-06,P010,?????,???,199.00,70.00,10686,1340,1124,121,61,61,12139.00,650.98,0,108,4.6
2026-05-07,P010,?????,???,199.00,70.00,11162,1329,1080,109,54,55,10945.00,679.59,0,53,4.6
2026-05-08,P010,?????,???,199.00,70.00,10874,1303,1073,115,58,58,11542.00,682.19,0,0,4.5
2026-05-09,P010,?????,???,199.00,70.00,11107,1423,1215,116,58,58,11542.00,665.72,0,0,4.6
2026-05-10,P010,?????,???,199.00,70.00,10579,1354,1099,111,55,55,10945.00,666.64,0,0,4.6
2026-05-11,P010,?????,???,199.00,70.00,10589,1246,977,109,50,50,9950.00,658.17,0,0,4.5
2026-05-12,P010,?????,???,199.00,70.00,10042,1234,1016,103,52,53,10547.00,653.40,0,0,4.6
2026-05-13,P010,?????,???,199.00,70.00,9888,1269,940,95,44,44,8756.00,636.94,0,0,4.5
2026-05-14,P010,?????,???,199.00,70.00,9996,1228,1038,99,52,52,10348.00,644.27,0,0,4.6
2026-05-15,P010,?????,???,199.00,70.00,9981,1202,865,96,47,47,9353.00,660.30,0,0,4.6
2026-05-16,P010,?????,???,199.00,70.00,10029,1204,916,103,48,48,9552.00,672.22,0,0,4.5
2026-05-17,P010,?????,???,199.00,70.00,10251,1207,925,103,49,50,9950.00,651.51,0,0,4.6
2026-05-18,P010,?????,???,199.00,70.00,10772,1362,1111,117,56,56,11144.00,683.18,0,0,4.5
2026-05-19,P010,?????,???,199.00,70.00,11004,1348,1046,100,46,46,9154.00,689.44,1,0,4.6
2026-05-20,P010,?????,???,199.00,70.00,11126,1375,1011,110,55,55,10945.00,668.84,0,0,4.6
2026-05-21,P010,?????,???,199.00,70.00,11096,1336,966,109,51,51,10149.00,667.75,0,0,4.5
2026-05-22,P010,?????,???,199.00,70.00,11107,1313,1016,109,55,56,11144.00,688.88,0,0,4.6
2026-05-23,P010,?????,???,199.00,70.00,11128,1421,1033,104,49,49,9751.00,683.48,0,0,4.6
2026-05-24,P010,?????,???,199.00,70.00,11162,1355,1089,107,55,55,10945.00,674.46,0,0,4.6
2026-05-25,P010,?????,???,199.00,70.00,10770,1367,1096,124,59,59,11741.00,664.34,0,0,4.6
2026-05-26,P010,?????,???,199.00,70.00,10213,1282,1013,106,55,55,10945.00,668.41,0,0,4.6
2026-05-27,P010,?????,???,199.00,70.00,10404,1247,1011,114,56,57,11343.00,661.84,0,0,4.6
2026-05-28,P010,?????,???,199.00,70.00,10270,1274,925,95,48,48,9552.00,671.61,0,0,4.6
2026-05-29,P010,?????,???,199.00,70.00,10003,1174,937,105,51,51,10149.00,666.21,0,0,4.6
2026-05-30,P010,?????,???,199.00,70.00,10426,1287,1073,113,52,52,10348.00,671.44,0,422,4.6
2026-05-31,P010,?????,???,199.00,70.00,10618,1261,931,94,48,48,9552.00,654.83,0,374,4.6
2026-06-01,P010,?????,???,199.00,70.00,10765,1367,1104,112,52,53,10547.00,662.60,0,321,4.5
2026-06-02,P010,?????,???,199.00,70.00,10975,1298,994,97,46,46,9154.00,669.39,0,275,4.5
2026-06-03,P010,?????,???,199.00,70.00,11456,1432,1107,123,58,58,11542.00,678.42,0,217,4.5
2026-06-04,P010,?????,???,199.00,70.00,11282,1359,1060,121,56,56,11144.00,693.96,0,161,4.6
2026-06-05,P010,?????,???,199.00,70.00,11710,1415,1140,129,63,63,12537.00,697.05,1,98,4.6
2026-06-06,P010,?????,???,199.00,70.00,11532,1365,1078,107,49,50,9950.00,684.10,0,48,4.6
2026-06-07,P010,?????,???,199.00,70.00,11288,1375,1140,112,55,55,10945.00,694.14,0,0,4.5
2026-06-08,P010,?????,???,199.00,70.00,10889,1282,1001,102,49,49,9751.00,670.40,0,0,4.6
2026-06-09,P010,?????,???,199.00,70.00,10747,1286,1045,100,52,52,10348.00,661.83,0,0,4.5
2026-06-10,P010,?????,???,199.00,70.00,10272,1284,1069,115,58,58,11542.00,676.73,0,0,4.5
2026-06-11,P010,?????,???,199.00,70.00,10142,1268,1012,112,51,52,10348.00,653.20,0,0,4.6
2026-06-12,P010,?????,???,199.00,70.00,10356,1219,980,102,48,48,9552.00,650.46,0,0,4.5
2026-06-13,P010,?????,???,199.00,70.00,10380,1255,944,102,53,53,10547.00,661.06,0,0,4.5
2026-06-14,P010,?????,???,199.00,70.00,10550,1288,1060,106,55,55,10945.00,670.78,0,0,4.6
2026-06-15,P010,?????,???,199.00,70.00,11145,1413,1206,121,62,62,12338.00,672.56,0,0,4.6
2026-06-16,P010,?????,???,199.00,70.00,11492,1416,1170,122,61,62,12338.00,671.47,0,0,4.5
2026-06-17,P010,?????,???,199.00,70.00,11812,1448,1236,119,61,61,12139.00,672.22,0,0,4.5
2026-06-18,P010,?????,???,199.00,70.00,11563,1484,1117,106,51,51,10149.00,666.62,0,0,4.6
2026-06-19,P010,?????,???,199.00,70.00,11968,1409,1166,122,56,56,11144.00,698.67,0,0,4.5
2026-06-20,P010,?????,???,199.00,70.00,11740,1500,1179,121,57,57,11343.00,670.58,0,0,4.6
2026-06-21,P010,?????,???,199.00,70.00,11669,1385,1012,108,57,58,11542.00,695.31,0,0,4.6
2026-06-22,P010,?????,???,199.00,70.00,11030,1348,1091,124,63,63,12537.00,662.00,1,0,4.6
2026-06-23,P010,?????,???,199.00,70.00,11120,1383,1107,109,55,55,10945.00,693.10,0,0,4.6
2026-06-24,P010,?????,???,199.00,70.00,10716,1370,1126,120,61,61,12139.00,676.39,0,0,4.5
2026-06-25,P010,?????,???,199.00,70.00,10407,1316,1120,122,62,62,12338.00,656.60,0,0,4.6
2026-06-26,P010,?????,???,199.00,70.00,10695,1366,1102,119,54,55,10945.00,686.06,0,0,4.6
2026-06-27,P010,?????,???,199.00,70.00,10627,1300,1017,116,57,57,11343.00,681.19,0,0,4.6
2026-06-28,P010,?????,???,199.00,70.00,11055,1366,1012,110,54,54,10746.00,660.05,0,0,4.5
2026-06-29,P010,?????,???,199.00,70.00,11372,1355,1035,114,54,54,10746.00,667.70,0,0,4.6
